sample	genome	chrom	position	ref	alt	dp	ref_depth	alt_depth	total_depth_ad	af
AIAMA_GOT005_OS_S43	Goat AdV-12-like	X73487.1	109	T	G	3	0	1	1	1.0
AIAMA_GOT005_OS_S43	Goat AdV-12-like	X73487.1	126	G	T	3	0	1	1	1.0
AIAMA_GOT005_OS_S43	Goat AdV-12-like	X73487.1	130	C	T	3	0	1	1	1.0
AIAMA_GOT005_OS_S43	Goat AdV-12-like	X73487.1	175	ATTTT	ATTTTT	2	0	2	2	1.0
AIAMA_GOT005_OS_S43	Goat AdV-12-like	X73487.1	346	G	C	6	0	6	6	1.0
AIAMA_GOT005_OS_S43	Goat AdV-12-like	X73487.1	347	A	G	6	0	6	6	1.0
AIAMA_GOT005_OS_S43	Goat AdV-12-like	X73487.1	487	T	C	43	0	32	32	1.0
AIAMA_GOT005_OS_S43	Goat AdV-12-like	X73487.1	508	A	G	55	0	42	42	1.0
AIAMA_GOT005_OS_S43	Goat AdV-12-like	X73487.1	709	T	C	47	0	27	27	1.0
AIAMA_GOT005_OS_S43	Goat AdV-12-like	X73487.1	751	T	G	73	0	51	51	1.0
AIAMA_GOT005_OS_S43	Goat AdV-12-like	X73487.1	805	C	G	113	0	81	81	1.0
AIAMA_GOT005_OS_S43	Goat AdV-12-like	X73487.1	836	A	G	135	0	87	87	1.0
AIAMA_GOT005_OS_S43	Goat AdV-12-like	X73487.1	858	C	T	104	0	66	66	1.0
AIAMA_GOT005_OS_S43	Goat AdV-12-like	X73487.1	865	C	T	103	0	70	70	1.0
AIAMA_GOT005_OS_S43	Goat AdV-12-like	X73487.1	946	G	A	93	0	68	68	1.0
AIAMA_GOT005_OS_S43	Goat AdV-12-like	X73487.1	1098	GAT	GATAT	20	7	10	17	0.5882352941176471
AIAMA_GOT005_OS_S43	Goat AdV-12-like	X73487.1	1100	T	TA	22	10	7	17	0.4117647058823529
AIAMA_GOT005_OS_S43	Goat AdV-12-like	X73487.1	1113	A	C	22	2	14	16	0.875
AIAMA_GOT005_OS_S43	Goat AdV-12-like	X73487.1	1227	G	A	55	0	35	35	1.0
AIAMA_GOT005_OS_S43	Goat AdV-12-like	X73487.1	1513	G	A	15	0	15	15	1.0
AIAMA_GOT005_OS_S43	Goat AdV-12-like	X73487.1	1607	A	G	48	0	36	36	1.0
AIAMA_GOT005_OS_S43	Goat AdV-12-like	X73487.1	1628	G	A	64	8	31	39	0.7948717948717948
AIAMA_GOT005_OS_S43	Goat AdV-12-like	X73487.1	1661	A	C	66	0	46	46	1.0
AIAMA_GOT005_OS_S43	Goat AdV-12-like	X73487.1	1746	T	C	36	0	32	32	1.0
AIAMA_GOT005_OS_S43	Goat AdV-12-like	X73487.1	1905	C	T	121	0	82	82	1.0
AIAMA_GOT005_OS_S43	Goat AdV-12-like	X73487.1	1995	AAGGAGGAGGAG	AAGGAGGAGGAGGAG	206	73	81	154	0.525974025974026
AIAMA_GOT005_OS_S43	Goat AdV-12-like	X73487.1	2105	G	A	48	0	36	36	1.0
AIAMA_GOT005_OS_S43	Goat AdV-12-like	X73487.1	2176	C	T	27	0	21	21	1.0
AIAMA_GOT005_OS_S43	Goat AdV-12-like	X73487.1	2275	A	G	68	2	45	47	0.9574468085106383
AIAMA_GOT005_OS_S43	Goat AdV-12-like	X73487.1	2476	C	A	45	0	35	35	1.0
AIAMA_GOT005_OS_S43	Goat AdV-12-like	X73487.1	2734	A	G	42	0	31	31	1.0
AIAMA_GOT005_OS_S43	Goat AdV-12-like	X73487.1	2915	G	A	63	0	49	49	1.0
AIAMA_GOT005_OS_S43	Goat AdV-12-like	X73487.1	3034	C	T	84	4	58	62	0.9354838709677419
AIAMA_GOT005_OS_S43	Goat AdV-12-like	X73487.1	3175	T	C	77	0	46	46	1.0
AIAMA_GOT005_OS_S43	Goat AdV-12-like	X73487.1	3708	A	G	21	0	18	18	1.0
AIAMA_GOT005_OS_S43	Goat AdV-12-like	X73487.1	3816	A	C	18	0	16	16	1.0
AIAMA_GOT005_OS_S43	Goat AdV-12-like	X73487.1	3817	C	T	15	0	13	13	1.0
AIAMA_GOT005_OS_S43	Goat AdV-12-like	X73487.1	3865	G	A	21	0	15	15	1.0
AIAMA_GOT005_OS_S43	Goat AdV-12-like	X73487.1	4132	A	G	30	0	25	25	1.0
AIAMA_GOT005_OS_S43	Goat AdV-12-like	X73487.1	4162	T	G	30	0	20	20	1.0
AIAMA_GOT005_OS_S43	Goat AdV-12-like	X73487.1	4255	G	A	22	0	15	15	1.0
AIAMA_GOT005_OS_S43	Goat AdV-12-like	X73487.1	4270	C	T	21	0	19	19	1.0
AIAMA_GOT005_OS_S43	Goat AdV-12-like	X73487.1	4798	C	T	43	0	38	38	1.0
AIAMA_GOT005_OS_S43	Goat AdV-12-like	X73487.1	4947	T	C	21	0	17	17	1.0
AIAMA_GOT005_OS_S43	Goat AdV-12-like	X73487.1	5544	C	T	24	0	16	16	1.0
AIAMA_GOT005_OS_S43	Goat AdV-12-like	X73487.1	5547	T	G	26	0	19	19	1.0
AIAMA_GOT005_OS_S43	Goat AdV-12-like	X73487.1	5931	C	T	25	0	18	18	1.0
AIAMA_GOT005_OS_S43	Goat AdV-12-like	X73487.1	6035	G	A	21	1	14	15	0.9333333333333333
AIAMA_GOT005_OS_S43	Goat AdV-12-like	X73487.1	6060	A	G	34	0	24	24	1.0
AIAMA_GOT005_OS_S43	Goat AdV-12-like	X73487.1	6268	C	T	43	0	25	25	1.0
AIAMA_GOT005_OS_S43	Goat AdV-12-like	X73487.1	6273	A	G	43	0	25	25	1.0
AIAMA_GOT005_OS_S43	Goat AdV-12-like	X73487.1	6402	T	C	15	0	9	9	1.0
AIAMA_GOT005_OS_S43	Goat AdV-12-like	X73487.1	6486	G	A	39	0	31	31	1.0
AIAMA_GOT005_OS_S43	Goat AdV-12-like	X73487.1	6711	T	C	43	0	33	33	1.0
AIAMA_GOT005_OS_S43	Goat AdV-12-like	X73487.1	6717	G	A	44	0	34	34	1.0
AIAMA_GOT005_OS_S43	Goat AdV-12-like	X73487.1	6965	C	T	18	0	14	14	1.0
AIAMA_GOT005_OS_S43	Goat AdV-12-like	X73487.1	6975	C	G	19	0	15	15	1.0
AIAMA_GOT005_OS_S43	Goat AdV-12-like	X73487.1	7028	A	G	23	0	14	14	1.0
AIAMA_GOT005_OS_S43	Goat AdV-12-like	X73487.1	7029	A	G	23	0	14	14	1.0
AIAMA_GOT005_OS_S43	Goat AdV-12-like	X73487.1	7260	C	T	22	0	15	15	1.0
AIAMA_GOT005_OS_S43	Goat AdV-12-like	X73487.1	7422	C	T	14	0	9	9	1.0
AIAMA_GOT005_OS_S43	Goat AdV-12-like	X73487.1	7476	T	C	24	0	18	18	1.0
AIAMA_GOT005_OS_S43	Goat AdV-12-like	X73487.1	7557	T	C	45	1	35	36	0.9722222222222222
AIAMA_GOT005_OS_S43	Goat AdV-12-like	X73487.1	7671	T	C	55	0	41	41	1.0
AIAMA_GOT005_OS_S43	Goat AdV-12-like	X73487.1	7994	C	T	44	0	32	32	1.0
AIAMA_GOT005_OS_S43	Goat AdV-12-like	X73487.1	8043	C	G	11	0	11	11	1.0
AIAMA_GOT005_OS_S43	Goat AdV-12-like	X73487.1	8453	G	A	37	0	27	27	1.0
AIAMA_GOT005_OS_S43	Goat AdV-12-like	X73487.1	8693	C	T	38	0	35	35	1.0
AIAMA_GOT005_OS_S43	Goat AdV-12-like	X73487.1	9035	A	G	60	0	39	39	1.0
AIAMA_GOT005_OS_S43	Goat AdV-12-like	X73487.1	9085	T	A	51	0	44	44	1.0
AIAMA_GOT005_OS_S43	Goat AdV-12-like	X73487.1	9155	A	T	33	0	26	26	1.0
AIAMA_GOT005_OS_S43	Goat AdV-12-like	X73487.1	9173	C	T	38	0	31	31	1.0
AIAMA_GOT005_OS_S43	Goat AdV-12-like	X73487.1	9251	T	C	53	0	38	38	1.0
AIAMA_GOT005_OS_S43	Goat AdV-12-like	X73487.1	9386	G	A	37	0	34	34	1.0
AIAMA_GOT005_OS_S43	Goat AdV-12-like	X73487.1	9489	GGAAG	GG	38	0	37	37	1.0
AIAMA_GOT005_OS_S43	Goat AdV-12-like	X73487.1	9494	C	T	38	0	31	31	1.0
AIAMA_GOT005_OS_S43	Goat AdV-12-like	X73487.1	9550	T	C	23	0	20	20	1.0
AIAMA_GOT005_OS_S43	Goat AdV-12-like	X73487.1	9776	T	C	15	3	9	12	0.75
AIAMA_GOT005_OS_S43	Goat AdV-12-like	X73487.1	9860	T	A	20	0	16	16	1.0
AIAMA_GOT005_OS_S43	Goat AdV-12-like	X73487.1	9884	T	C	31	0	23	23	1.0
AIAMA_GOT005_OS_S43	Goat AdV-12-like	X73487.1	9989	G	A	38	0	25	25	1.0
AIAMA_GOT005_OS_S43	Goat AdV-12-like	X73487.1	10024	C	G	26	0	20	20	1.0
AIAMA_GOT005_OS_S43	Goat AdV-12-like	X73487.1	10627	T	C	19	0	15	15	1.0
AIAMA_GOT005_OS_S43	Goat AdV-12-like	X73487.1	10754	T	G	23	0	20	20	1.0
AIAMA_GOT005_OS_S43	Goat AdV-12-like	X73487.1	10895	C	T	48	0	36	36	1.0
AIAMA_GOT005_OS_S43	Goat AdV-12-like	X73487.1	11734	G	A	27	0	20	20	1.0
AIAMA_GOT005_OS_S43	Goat AdV-12-like	X73487.1	11923	G	C	37	0	29	29	1.0
AIAMA_GOT005_OS_S43	Goat AdV-12-like	X73487.1	12163	A	G	34	0	26	26	1.0
AIAMA_GOT005_OS_S43	Goat AdV-12-like	X73487.1	12263	T	C	51	0	44	44	1.0
AIAMA_GOT005_OS_S43	Goat AdV-12-like	X73487.1	12298	A	G	54	0	43	43	1.0
AIAMA_GOT005_OS_S43	Goat AdV-12-like	X73487.1	12358	T	C	46	0	28	28	1.0
AIAMA_GOT005_OS_S43	Goat AdV-12-like	X73487.1	12484	T	C	33	0	21	21	1.0
AIAMA_GOT005_OS_S43	Goat AdV-12-like	X73487.1	12493	A	G	37	0	23	23	1.0
AIAMA_GOT005_OS_S43	Goat AdV-12-like	X73487.1	12535	A	G	38	0	24	24	1.0
AIAMA_GOT005_OS_S43	Goat AdV-12-like	X73487.1	12541	G	A	33	0	20	20	1.0
AIAMA_GOT005_OS_S43	Goat AdV-12-like	X73487.1	12544	A	G	33	0	20	20	1.0
AIAMA_GOT005_OS_S43	Goat AdV-12-like	X73487.1	12559	G	A	45	0	27	27	1.0
AIAMA_GOT005_OS_S43	Goat AdV-12-like	X73487.1	12751	A	G	31	2	21	23	0.9130434782608695
AIAMA_GOT005_OS_S43	Goat AdV-12-like	X73487.1	12764	T	A	39	0	29	29	1.0
AIAMA_GOT005_OS_S43	Goat AdV-12-like	X73487.1	12864	T	C	51	0	35	35	1.0
AIAMA_GOT005_OS_S43	Goat AdV-12-like	X73487.1	12871	A	G	51	0	35	35	1.0
AIAMA_GOT005_OS_S43	Goat AdV-12-like	X73487.1	12988	A	G	53	0	39	39	1.0
AIAMA_GOT005_OS_S43	Goat AdV-12-like	X73487.1	13003	T	G	35	0	22	22	1.0
AIAMA_GOT005_OS_S43	Goat AdV-12-like	X73487.1	13048	C	T	5	0	5	5	1.0
AIAMA_GOT005_OS_S43	Goat AdV-12-like	X73487.1	13123	G	T	19	0	18	18	1.0
AIAMA_GOT005_OS_S43	Goat AdV-12-like	X73487.1	13135	G	A	24	3	16	19	0.8421052631578947
AIAMA_GOT005_OS_S43	Goat AdV-12-like	X73487.1	13153	A	C	20	0	18	18	1.0
AIAMA_GOT005_OS_S43	Goat AdV-12-like	X73487.1	13165	T	C	22	0	17	17	1.0
AIAMA_GOT005_OS_S43	Goat AdV-12-like	X73487.1	13201	T	A	32	0	29	29	1.0
AIAMA_GOT005_OS_S43	Goat AdV-12-like	X73487.1	13222	T	A	48	0	36	36	1.0
AIAMA_GOT005_OS_S43	Goat AdV-12-like	X73487.1	13225	C	T	48	0	36	36	1.0
AIAMA_GOT005_OS_S43	Goat AdV-12-like	X73487.1	13240	T	C	49	0	36	36	1.0
AIAMA_GOT005_OS_S43	Goat AdV-12-like	X73487.1	13297	T	C	42	0	27	27	1.0
AIAMA_GOT005_OS_S43	Goat AdV-12-like	X73487.1	13298	T	C	42	0	27	27	1.0
AIAMA_GOT005_OS_S43	Goat AdV-12-like	X73487.1	13307	T	A	46	0	31	31	1.0
AIAMA_GOT005_OS_S43	Goat AdV-12-like	X73487.1	13474	G	A	22	0	18	18	1.0
AIAMA_GOT005_OS_S43	Goat AdV-12-like	X73487.1	13594	T	C	32	0	26	26	1.0
AIAMA_GOT005_OS_S43	Goat AdV-12-like	X73487.1	13621	T	C	31	0	26	26	1.0
AIAMA_GOT005_OS_S43	Goat AdV-12-like	X73487.1	13672	T	C	26	0	18	18	1.0
AIAMA_GOT005_OS_S43	Goat AdV-12-like	X73487.1	13699	C	T	20	0	16	16	1.0
AIAMA_GOT005_OS_S43	Goat AdV-12-like	X73487.1	13715	A	C	21	0	17	17	1.0
AIAMA_GOT005_OS_S43	Goat AdV-12-like	X73487.1	13827	A	G	10	0	10	10	1.0
AIAMA_GOT005_OS_S43	Goat AdV-12-like	X73487.1	14047	G	A	27	0	24	24	1.0
AIAMA_GOT005_OS_S43	Goat AdV-12-like	X73487.1	14087	C	T	31	0	23	23	1.0
AIAMA_GOT005_OS_S43	Goat AdV-12-like	X73487.1	14110	T	C	35	0	28	28	1.0
AIAMA_GOT005_OS_S43	Goat AdV-12-like	X73487.1	14155	G	A	42	0	28	28	1.0
AIAMA_GOT005_OS_S43	Goat AdV-12-like	X73487.1	14212	T	C	39	0	33	33	1.0
AIAMA_GOT005_OS_S43	Goat AdV-12-like	X73487.1	14218	T	C	28	0	24	24	1.0
AIAMA_GOT005_OS_S43	Goat AdV-12-like	X73487.1	14243	A	G	37	0	32	32	1.0
AIAMA_GOT005_OS_S43	Goat AdV-12-like	X73487.1	14265	C	G	37	0	28	28	1.0
AIAMA_GOT005_OS_S43	Goat AdV-12-like	X73487.1	14302	T	C	32	0	23	23	1.0
AIAMA_GOT005_OS_S43	Goat AdV-12-like	X73487.1	14307	G	A	29	0	20	20	1.0
AIAMA_GOT005_OS_S43	Goat AdV-12-like	X73487.1	14308	G	A	29	0	20	20	1.0
AIAMA_GOT005_OS_S43	Goat AdV-12-like	X73487.1	14320	T	G	37	0	28	28	1.0
AIAMA_GOT005_OS_S43	Goat AdV-12-like	X73487.1	14324	A	G	37	0	28	28	1.0
AIAMA_GOT005_OS_S43	Goat AdV-12-like	X73487.1	14375	A	C	55	0	29	29	1.0
AIAMA_GOT005_OS_S43	Goat AdV-12-like	X73487.1	14461	A	G	41	0	32	32	1.0
AIAMA_GOT005_OS_S43	Goat AdV-12-like	X73487.1	14476	A	G	39	0	32	32	1.0
AIAMA_GOT005_OS_S43	Goat AdV-12-like	X73487.1	14491	C	T	34	0	32	32	1.0
AIAMA_GOT005_OS_S43	Goat AdV-12-like	X73487.1	14573	C	A	63	0	47	47	1.0
AIAMA_GOT005_OS_S43	Goat AdV-12-like	X73487.1	14652	G	A	71	0	49	49	1.0
AIAMA_GOT005_OS_S43	Goat AdV-12-like	X73487.1	14949	T	C	25	0	19	19	1.0
AIAMA_GOT005_OS_S43	Goat AdV-12-like	X73487.1	14952	C	T	25	0	19	19	1.0
AIAMA_GOT005_OS_S43	Goat AdV-12-like	X73487.1	15141	T	C	6	0	5	5	1.0
AIAMA_GOT005_OS_S43	Goat AdV-12-like	X73487.1	15144	T	C	6	0	5	5	1.0
AIAMA_GOT005_OS_S43	Goat AdV-12-like	X73487.1	15177	G	C	2	0	1	1	1.0
AIAMA_GOT005_OS_S43	Goat AdV-12-like	X73487.1	15228	C	T	1	0	1	1	1.0
AIAMA_GOT005_OS_S43	Goat AdV-12-like	X73487.1	15264	G	C	1	0	1	1	1.0
AIAMA_GOT005_OS_S43	Goat AdV-12-like	X73487.1	15423	G	A	2	0	2	2	1.0
AIAMA_GOT005_OS_S43	Goat AdV-12-like	X73487.1	15441	A	T	2	0	2	2	1.0
AIAMA_GOT005_OS_S43	Goat AdV-12-like	X73487.1	15637	C	T	40	0	28	28	1.0
AIAMA_GOT005_OS_S43	Goat AdV-12-like	X73487.1	15657	G	A	36	0	26	26	1.0
AIAMA_GOT005_OS_S43	Goat AdV-12-like	X73487.1	15773	A	G	23	0	19	19	1.0
AIAMA_GOT005_OS_S43	Goat AdV-12-like	X73487.1	15943	C	T	39	0	28	28	1.0
AIAMA_GOT005_OS_S43	Goat AdV-12-like	X73487.1	15967	C	A	30	0	28	28	1.0
AIAMA_GOT005_OS_S43	Goat AdV-12-like	X73487.1	15973	G	A	30	0	28	28	1.0
AIAMA_GOT005_OS_S43	Goat AdV-12-like	X73487.1	16126	G	A	21	0	20	20	1.0
AIAMA_GOT005_OS_S43	Goat AdV-12-like	X73487.1	16147	A	C	19	0	18	18	1.0
AIAMA_GOT005_OS_S43	Goat AdV-12-like	X73487.1	16187	A	G	17	0	13	13	1.0
AIAMA_GOT005_OS_S43	Goat AdV-12-like	X73487.1	16193	T	C	17	0	13	13	1.0
AIAMA_GOT005_OS_S43	Goat AdV-12-like	X73487.1	16212	T	C	13	0	11	11	1.0
AIAMA_GOT005_OS_S43	Goat AdV-12-like	X73487.1	16237	G	A	9	0	7	7	1.0
AIAMA_GOT005_OS_S43	Goat AdV-12-like	X73487.1	16251	T	C	6	0	6	6	1.0
AIAMA_GOT005_OS_S43	Goat AdV-12-like	X73487.1	16255	A	G	6	0	6	6	1.0
AIAMA_GOT005_OS_S43	Goat AdV-12-like	X73487.1	16261	C	T	6	0	6	6	1.0
AIAMA_GOT005_OS_S43	Goat AdV-12-like	X73487.1	16277	G	A	6	0	6	6	1.0
AIAMA_GOT005_OS_S43	Goat AdV-12-like	X73487.1	16302	A	G	7	0	7	7	1.0
AIAMA_GOT005_OS_S43	Goat AdV-12-like	X73487.1	16320	C	T	5	0	5	5	1.0
AIAMA_GOT005_OS_S43	Goat AdV-12-like	X73487.1	16327	G	A	5	0	5	5	1.0
AIAMA_GOT005_OS_S43	Goat AdV-12-like	X73487.1	16372	C	T	1	0	1	1	1.0
AIAMA_GOT005_OS_S43	Goat AdV-12-like	X73487.1	16414	T	C	27	2	14	16	0.875
AIAMA_GOT005_OS_S43	Goat AdV-12-like	X73487.1	16441	T	A	24	0	15	15	1.0
AIAMA_GOT005_OS_S43	Goat AdV-12-like	X73487.1	16504	A	G	31	0	19	19	1.0
AIAMA_GOT005_OS_S43	Goat AdV-12-like	X73487.1	16616	C	A	16	0	14	14	1.0
AIAMA_GOT005_OS_S43	Goat AdV-12-like	X73487.1	16753	C	T	54	0	31	31	1.0
AIAMA_GOT005_OS_S43	Goat AdV-12-like	X73487.1	16759	A	G	46	0	27	27	1.0
AIAMA_GOT005_OS_S43	Goat AdV-12-like	X73487.1	16784	TAAAA	TAAAAA	187	82	22	104	0.21153846153846154
AIAMA_GOT005_OS_S43	Goat AdV-12-like	X73487.1	16998	G	A	37	0	32	32	1.0
AIAMA_GOT005_OS_S43	Goat AdV-12-like	X73487.1	17070	T	C	37	0	25	25	1.0
AIAMA_GOT005_OS_S43	Goat AdV-12-like	X73487.1	17139	A	G	53	0	42	42	1.0
AIAMA_GOT005_OS_S43	Goat AdV-12-like	X73487.1	17184	A	G	76	0	50	50	1.0
AIAMA_GOT005_OS_S43	Goat AdV-12-like	X73487.1	17338	C	T	38	0	33	33	1.0
AIAMA_GOT005_OS_S43	Goat AdV-12-like	X73487.1	17364	C	T	15	0	13	13	1.0
AIAMA_GOT005_OS_S43	Goat AdV-12-like	X73487.1	17415	G	A	17	0	16	16	1.0
AIAMA_GOT005_OS_S43	Goat AdV-12-like	X73487.1	17466	C	T	36	0	28	28	1.0
AIAMA_GOT005_OS_S43	Goat AdV-12-like	X73487.1	17481	T	C	41	0	33	33	1.0
AIAMA_GOT005_OS_S43	Goat AdV-12-like	X73487.1	17517	T	A	42	0	33	33	1.0
AIAMA_GOT005_OS_S43	Goat AdV-12-like	X73487.1	17550	G	A	21	0	19	19	1.0
AIAMA_GOT005_OS_S43	Goat AdV-12-like	X73487.1	17592	T	C	37	0	33	33	1.0
AIAMA_GOT005_OS_S43	Goat AdV-12-like	X73487.1	17610	A	G	34	0	33	33	1.0
AIAMA_GOT005_OS_S43	Goat AdV-12-like	X73487.1	17652	G	A	29	0	28	28	1.0
AIAMA_GOT005_OS_S43	Goat AdV-12-like	X73487.1	18015	C	T	44	0	33	33	1.0
AIAMA_GOT005_OS_S43	Goat AdV-12-like	X73487.1	18096	C	T	38	0	26	26	1.0
AIAMA_GOT005_OS_S43	Goat AdV-12-like	X73487.1	18114	A	G	42	0	30	30	1.0
AIAMA_GOT005_OS_S43	Goat AdV-12-like	X73487.1	18152	A	C	17	0	15	15	1.0
AIAMA_GOT005_OS_S43	Goat AdV-12-like	X73487.1	18153	C	T	14	0	12	12	1.0
AIAMA_GOT005_OS_S43	Goat AdV-12-like	X73487.1	18154	G	A	14	0	12	12	1.0
AIAMA_GOT005_OS_S43	Goat AdV-12-like	X73487.1	18155	C	A	14	0	12	12	1.0
AIAMA_GOT005_OS_S43	Goat AdV-12-like	X73487.1	18160	C	G	14	0	12	12	1.0
AIAMA_GOT005_OS_S43	Goat AdV-12-like	X73487.1	18161	T	C	14	0	12	12	1.0
AIAMA_GOT005_OS_S43	Goat AdV-12-like	X73487.1	18162	T	A	14	0	12	12	1.0
AIAMA_GOT005_OS_S43	Goat AdV-12-like	X73487.1	18180	G	A	20	0	13	13	1.0
AIAMA_GOT005_OS_S43	Goat AdV-12-like	X73487.1	18185	A	T	20	0	13	13	1.0
AIAMA_GOT005_OS_S43	Goat AdV-12-like	X73487.1	18187	C	A	20	0	13	13	1.0
AIAMA_GOT005_OS_S43	Goat AdV-12-like	X73487.1	18201	C	T	21	0	14	14	1.0
AIAMA_GOT005_OS_S43	Goat AdV-12-like	X73487.1	18207	C	T	19	0	14	14	1.0
AIAMA_GOT005_OS_S43	Goat AdV-12-like	X73487.1	18333	A	G	80	0	43	43	1.0
AIAMA_GOT005_OS_S43	Goat AdV-12-like	X73487.1	18339	C	T	84	0	48	48	1.0
AIAMA_GOT005_OS_S43	Goat AdV-12-like	X73487.1	18438	T	A	119	0	77	77	1.0
AIAMA_GOT005_OS_S43	Goat AdV-12-like	X73487.1	18463	A	G	91	0	53	53	1.0
AIAMA_GOT005_OS_S43	Goat AdV-12-like	X73487.1	18469	G	C	80	0	47	47	1.0
AIAMA_GOT005_OS_S43	Goat AdV-12-like	X73487.1	18472	G	A	85	0	57	57	1.0
AIAMA_GOT005_OS_S43	Goat AdV-12-like	X73487.1	18479	C	A	83	0	55	55	1.0
AIAMA_GOT005_OS_S43	Goat AdV-12-like	X73487.1	18481	G	C	83	0	55	55	1.0
AIAMA_GOT005_OS_S43	Goat AdV-12-like	X73487.1	18495	C	T	82	0	50	50	1.0
AIAMA_GOT005_OS_S43	Goat AdV-12-like	X73487.1	18507	C	T	68	0	49	49	1.0
AIAMA_GOT005_OS_S43	Goat AdV-12-like	X73487.1	18559	A	G	42	0	31	31	1.0
AIAMA_GOT005_OS_S43	Goat AdV-12-like	X73487.1	18561	T	C	49	0	38	38	1.0
AIAMA_GOT005_OS_S43	Goat AdV-12-like	X73487.1	18609	T	C	42	1	34	35	0.9714285714285714
AIAMA_GOT005_OS_S43	Goat AdV-12-like	X73487.1	18618	C	T	41	1	33	34	0.9705882352941176
AIAMA_GOT005_OS_S43	Goat AdV-12-like	X73487.1	18666	T	C	38	2	25	27	0.9259259259259259
AIAMA_GOT005_OS_S43	Goat AdV-12-like	X73487.1	18675	C	T	36	2	24	26	0.9230769230769231
AIAMA_GOT005_OS_S43	Goat AdV-12-like	X73487.1	18685	T	C	39	0	30	30	1.0
AIAMA_GOT005_OS_S43	Goat AdV-12-like	X73487.1	18693	G	A	32	0	29	29	1.0
AIAMA_GOT005_OS_S43	Goat AdV-12-like	X73487.1	18696	A	G	32	0	29	29	1.0
AIAMA_GOT005_OS_S43	Goat AdV-12-like	X73487.1	18699	T	A	32	0	29	29	1.0
AIAMA_GOT005_OS_S43	Goat AdV-12-like	X73487.1	18720	A	G	38	0	32	32	1.0
AIAMA_GOT005_OS_S43	Goat AdV-12-like	X73487.1	18747	G	A	43	0	38	38	1.0
AIAMA_GOT005_OS_S43	Goat AdV-12-like	X73487.1	18786	A	G	42	0	37	37	1.0
AIAMA_GOT005_OS_S43	Goat AdV-12-like	X73487.1	18789	G	C	42	0	37	37	1.0
AIAMA_GOT005_OS_S43	Goat AdV-12-like	X73487.1	18840	C	T	29	0	21	21	1.0
AIAMA_GOT005_OS_S43	Goat AdV-12-like	X73487.1	18937	G	A	69	0	45	45	1.0
AIAMA_GOT005_OS_S43	Goat AdV-12-like	X73487.1	18954	T	A	64	0	42	42	1.0
AIAMA_GOT005_OS_S43	Goat AdV-12-like	X73487.1	18985	G	A	60	0	46	46	1.0
AIAMA_GOT005_OS_S43	Goat AdV-12-like	X73487.1	18986	C	A	60	0	46	46	1.0
AIAMA_GOT005_OS_S43	Goat AdV-12-like	X73487.1	18999	C	T	79	0	53	53	1.0
AIAMA_GOT005_OS_S43	Goat AdV-12-like	X73487.1	19077	A	G	82	0	51	51	1.0
AIAMA_GOT005_OS_S43	Goat AdV-12-like	X73487.1	19080	C	T	79	0	53	53	1.0
AIAMA_GOT005_OS_S43	Goat AdV-12-like	X73487.1	19092	C	T	81	0	55	55	1.0
AIAMA_GOT005_OS_S43	Goat AdV-12-like	X73487.1	19104	T	C	92	0	60	60	1.0
AIAMA_GOT005_OS_S43	Goat AdV-12-like	X73487.1	19122	A	C	87	2	59	61	0.9672131147540983
AIAMA_GOT005_OS_S43	Goat AdV-12-like	X73487.1	19134	G	A	106	0	66	66	1.0
AIAMA_GOT005_OS_S43	Goat AdV-12-like	X73487.1	19194	C	G	144	0	97	97	1.0
AIAMA_GOT005_OS_S43	Goat AdV-12-like	X73487.1	19305	T	C	40	0	29	29	1.0
AIAMA_GOT005_OS_S43	Goat AdV-12-like	X73487.1	19578	T	C	51	1	34	35	0.9714285714285714
AIAMA_GOT005_OS_S43	Goat AdV-12-like	X73487.1	19608	C	T	50	0	34	34	1.0
AIAMA_GOT005_OS_S43	Goat AdV-12-like	X73487.1	19632	C	T	38	0	25	25	1.0
AIAMA_GOT005_OS_S43	Goat AdV-12-like	X73487.1	19659	G	A	34	0	26	26	1.0
AIAMA_GOT005_OS_S43	Goat AdV-12-like	X73487.1	19770	C	T	57	0	38	38	1.0
AIAMA_GOT005_OS_S43	Goat AdV-12-like	X73487.1	19773	C	G	57	0	38	38	1.0
AIAMA_GOT005_OS_S43	Goat AdV-12-like	X73487.1	19920	T	C	85	0	60	60	1.0
AIAMA_GOT005_OS_S43	Goat AdV-12-like	X73487.1	19944	A	T	78	0	51	51	1.0
AIAMA_GOT005_OS_S43	Goat AdV-12-like	X73487.1	19953	T	C	79	0	51	51	1.0
AIAMA_GOT005_OS_S43	Goat AdV-12-like	X73487.1	20025	T	C	53	0	39	39	1.0
AIAMA_GOT005_OS_S43	Goat AdV-12-like	X73487.1	20073	T	C	73	0	52	52	1.0
AIAMA_GOT005_OS_S43	Goat AdV-12-like	X73487.1	20106	A	G	76	0	48	48	1.0
AIAMA_GOT005_OS_S43	Goat AdV-12-like	X73487.1	20139	C	T	70	0	45	45	1.0
AIAMA_GOT005_OS_S43	Goat AdV-12-like	X73487.1	20163	T	C	64	0	42	42	1.0
AIAMA_GOT005_OS_S43	Goat AdV-12-like	X73487.1	20193	A	T	51	0	31	31	1.0
AIAMA_GOT005_OS_S43	Goat AdV-12-like	X73487.1	20197	C	A	45	0	29	29	1.0
AIAMA_GOT005_OS_S43	Goat AdV-12-like	X73487.1	20331	A	G	68	0	49	49	1.0
AIAMA_GOT005_OS_S43	Goat AdV-12-like	X73487.1	20593	A	C	30	0	21	21	1.0
AIAMA_GOT005_OS_S43	Goat AdV-12-like	X73487.1	20647	T	C	24	0	18	18	1.0
AIAMA_GOT005_OS_S43	Goat AdV-12-like	X73487.1	20695	T	C	38	1	30	31	0.967741935483871
AIAMA_GOT005_OS_S43	Goat AdV-12-like	X73487.1	20725	C	T	31	0	28	28	1.0
AIAMA_GOT005_OS_S43	Goat AdV-12-like	X73487.1	20758	A	G	56	0	44	44	1.0
AIAMA_GOT005_OS_S43	Goat AdV-12-like	X73487.1	20764	A	G	59	0	45	45	1.0
AIAMA_GOT005_OS_S43	Goat AdV-12-like	X73487.1	20839	T	C	80	0	63	63	1.0
AIAMA_GOT005_OS_S43	Goat AdV-12-like	X73487.1	20917	C	T	55	0	44	44	1.0
AIAMA_GOT005_OS_S43	Goat AdV-12-like	X73487.1	21230	C	T	42	0	29	29	1.0
AIAMA_GOT005_OS_S43	Goat AdV-12-like	X73487.1	21324	G	A	85	0	51	51	1.0
AIAMA_GOT005_OS_S43	Goat AdV-12-like	X73487.1	21329	G	T	80	0	51	51	1.0
AIAMA_GOT005_OS_S43	Goat AdV-12-like	X73487.1	21395	A	G	24	0	22	22	1.0
AIAMA_GOT005_OS_S43	Goat AdV-12-like	X73487.1	21472	A	G	56	0	50	50	1.0
AIAMA_GOT005_OS_S43	Goat AdV-12-like	X73487.1	21485	A	G	59	0	52	52	1.0
AIAMA_GOT005_OS_S43	Goat AdV-12-like	X73487.1	21514	C	T	50	0	41	41	1.0
AIAMA_GOT005_OS_S43	Goat AdV-12-like	X73487.1	21522	A	G	54	0	45	45	1.0
AIAMA_GOT005_OS_S43	Goat AdV-12-like	X73487.1	21572	T	C	72	0	48	48	1.0
AIAMA_GOT005_OS_S43	Goat AdV-12-like	X73487.1	21590	C	T	68	0	49	49	1.0
AIAMA_GOT005_OS_S43	Goat AdV-12-like	X73487.1	21764	A	G	72	0	45	45	1.0
AIAMA_GOT005_OS_S43	Goat AdV-12-like	X73487.1	21818	A	C	65	0	54	54	1.0
AIAMA_GOT005_OS_S43	Goat AdV-12-like	X73487.1	21866	G	A	120	0	78	78	1.0
AIAMA_GOT005_OS_S43	Goat AdV-12-like	X73487.1	22007	G	A	49	0	43	43	1.0
AIAMA_GOT005_OS_S43	Goat AdV-12-like	X73487.1	22021	A	T	33	0	29	29	1.0
AIAMA_GOT005_OS_S43	Goat AdV-12-like	X73487.1	22043	A	G	23	0	19	19	1.0
AIAMA_GOT005_OS_S43	Goat AdV-12-like	X73487.1	22136	G	A	42	0	21	21	1.0
AIAMA_GOT005_OS_S43	Goat AdV-12-like	X73487.1	22194	G	C	30	0	25	25	1.0
AIAMA_GOT005_OS_S43	Goat AdV-12-like	X73487.1	22199	G	A	28	0	24	24	1.0
AIAMA_GOT005_OS_S43	Goat AdV-12-like	X73487.1	22202	C	G	29	0	24	24	1.0
AIAMA_GOT005_OS_S43	Goat AdV-12-like	X73487.1	22226	T	C	20	0	20	20	1.0
AIAMA_GOT005_OS_S43	Goat AdV-12-like	X73487.1	22253	G	A	17	0	14	14	1.0
AIAMA_GOT005_OS_S43	Goat AdV-12-like	X73487.1	22274	T	C	12	0	9	9	1.0
AIAMA_GOT005_OS_S43	Goat AdV-12-like	X73487.1	22276	G	A	12	0	9	9	1.0
AIAMA_GOT005_OS_S43	Goat AdV-12-like	X73487.1	22277	G	A	12	0	9	9	1.0
AIAMA_GOT005_OS_S43	Goat AdV-12-like	X73487.1	22307	A	C	12	0	9	9	1.0
AIAMA_GOT005_OS_S43	Goat AdV-12-like	X73487.1	22313	C	T	6	0	1	1	1.0
AIAMA_GOT005_OS_S43	Goat AdV-12-like	X73487.1	22350	A	G	12	1	7	8	0.875
AIAMA_GOT005_OS_S43	Goat AdV-12-like	X73487.1	22421	G	T	29	0	23	23	1.0
AIAMA_GOT005_OS_S43	Goat AdV-12-like	X73487.1	22451	A	G	38	0	26	26	1.0
AIAMA_GOT005_OS_S43	Goat AdV-12-like	X73487.1	22458	C	T	38	0	25	25	1.0
AIAMA_GOT005_OS_S43	Goat AdV-12-like	X73487.1	22463	T	C	37	0	25	25	1.0
AIAMA_GOT005_OS_S43	Goat AdV-12-like	X73487.1	22472	CTCTTCTTCTTCT	CTCTTCTTCT	37	6	24	30	0.8
AIAMA_GOT005_OS_S43	Goat AdV-12-like	X73487.1	22490	C	G	36	0	22	22	1.0
AIAMA_GOT005_OS_S43	Goat AdV-12-like	X73487.1	22547	A	G	30	0	22	22	1.0
AIAMA_GOT005_OS_S43	Goat AdV-12-like	X73487.1	22553	A	G	30	0	22	22	1.0
AIAMA_GOT005_OS_S43	Goat AdV-12-like	X73487.1	22555	C	T	30	0	22	22	1.0
AIAMA_GOT005_OS_S43	Goat AdV-12-like	X73487.1	22585	G	A	28	0	23	23	1.0
AIAMA_GOT005_OS_S43	Goat AdV-12-like	X73487.1	22594	T	G	27	0	23	23	1.0
AIAMA_GOT005_OS_S43	Goat AdV-12-like	X73487.1	22607	C	A	26	3	16	19	0.8421052631578947
AIAMA_GOT005_OS_S43	Goat AdV-12-like	X73487.1	22728	G	A	29	0	21	21	1.0
AIAMA_GOT005_OS_S43	Goat AdV-12-like	X73487.1	22757	GGCTGT	GGCTGTTGCTGT	32	7	21	28	0.75
AIAMA_GOT005_OS_S43	Goat AdV-12-like	X73487.1	22808	T	C	41	0	23	23	1.0
AIAMA_GOT005_OS_S43	Goat AdV-12-like	X73487.1	22855	T	C	56	2	34	36	0.9444444444444444
AIAMA_GOT005_OS_S43	Goat AdV-12-like	X73487.1	22861	A	T	52	2	31	33	0.9393939393939394
AIAMA_GOT005_OS_S43	Goat AdV-12-like	X73487.1	22894	G	A	50	0	35	35	1.0
AIAMA_GOT005_OS_S43	Goat AdV-12-like	X73487.1	22899	G	A	50	0	35	35	1.0
AIAMA_GOT005_OS_S43	Goat AdV-12-like	X73487.1	22952	A	G	68	0	40	40	1.0
AIAMA_GOT005_OS_S43	Goat AdV-12-like	X73487.1	23150	C	T	64	2	45	47	0.9574468085106383
AIAMA_GOT005_OS_S43	Goat AdV-12-like	X73487.1	23294	A	G	19	0	15	15	1.0
AIAMA_GOT005_OS_S43	Goat AdV-12-like	X73487.1	23352	C	T	56	0	34	34	1.0
AIAMA_GOT005_OS_S43	Goat AdV-12-like	X73487.1	23489	G	A	56	0	39	39	1.0
AIAMA_GOT005_OS_S43	Goat AdV-12-like	X73487.1	23651	C	A	40	0	34	34	1.0
AIAMA_GOT005_OS_S43	Goat AdV-12-like	X73487.1	23690	T	C	37	0	25	25	1.0
AIAMA_GOT005_OS_S43	Goat AdV-12-like	X73487.1	23696	C	T	32	0	25	25	1.0
AIAMA_GOT005_OS_S43	Goat AdV-12-like	X73487.1	23853	C	T	42	0	31	31	1.0
AIAMA_GOT005_OS_S43	Goat AdV-12-like	X73487.1	24005	A	G	72	0	52	52	1.0
AIAMA_GOT005_OS_S43	Goat AdV-12-like	X73487.1	24084	T	C	51	0	43	43	1.0
AIAMA_GOT005_OS_S43	Goat AdV-12-like	X73487.1	24101	A	G	48	0	41	41	1.0
AIAMA_GOT005_OS_S43	Goat AdV-12-like	X73487.1	24182	T	C	27	0	17	17	1.0
AIAMA_GOT005_OS_S43	Goat AdV-12-like	X73487.1	24194	T	C	25	0	17	17	1.0
AIAMA_GOT005_OS_S43	Goat AdV-12-like	X73487.1	24215	G	A	29	0	21	21	1.0
AIAMA_GOT005_OS_S43	Goat AdV-12-like	X73487.1	24359	T	G	69	1	44	45	0.9777777777777777
AIAMA_GOT005_OS_S43	Goat AdV-12-like	X73487.1	24476	A	G	39	0	29	29	1.0
AIAMA_GOT005_OS_S43	Goat AdV-12-like	X73487.1	24488	G	A	40	0	31	31	1.0
AIAMA_GOT005_OS_S43	Goat AdV-12-like	X73487.1	24548	C	T	47	1	34	35	0.9714285714285714
AIAMA_GOT005_OS_S43	Goat AdV-12-like	X73487.1	24557	C	T	47	1	34	35	0.9714285714285714
AIAMA_GOT005_OS_S43	Goat AdV-12-like	X73487.1	24893	GGGAGGAGGAGGAGG	GGGAGGAGGAGGAGGAGGAGGAGGAGG	63	24	21	45	0.4666666666666667
AIAMA_GOT005_OS_S43	Goat AdV-12-like	X73487.1	24930	AGAGGAGGAGGAGGA	AGAGGAGGAGGA	77	14	29	43	0.6744186046511628
AIAMA_GOT005_OS_S43	Goat AdV-12-like	X73487.1	24972	C	A	54	0	30	30	1.0
AIAMA_GOT005_OS_S43	Goat AdV-12-like	X73487.1	25024	T	C	20	0	14	14	1.0
AIAMA_GOT005_OS_S43	Goat AdV-12-like	X73487.1	25037	A	G	26	0	17	17	1.0
AIAMA_GOT005_OS_S43	Goat AdV-12-like	X73487.1	25066	G	A	23	3	17	20	0.85
AIAMA_GOT005_OS_S43	Goat AdV-12-like	X73487.1	25129	C	A	24	0	15	15	1.0
AIAMA_GOT005_OS_S43	Goat AdV-12-like	X73487.1	25143	A	G	31	0	22	22	1.0
AIAMA_GOT005_OS_S43	Goat AdV-12-like	X73487.1	25152	T	G	35	1	23	24	0.9583333333333334
AIAMA_GOT005_OS_S43	Goat AdV-12-like	X73487.1	25158	C	T	39	0	27	27	1.0
AIAMA_GOT005_OS_S43	Goat AdV-12-like	X73487.1	25314	T	C	8	0	8	8	1.0
AIAMA_GOT005_OS_S43	Goat AdV-12-like	X73487.1	25647	C	T	5	0	4	4	1.0
AIAMA_GOT005_OS_S43	Goat AdV-12-like	X73487.1	25656	C	G	7	0	6	6	1.0
AIAMA_GOT005_OS_S43	Goat AdV-12-like	X73487.1	25851	T	C	22	0	16	16	1.0
AIAMA_GOT005_OS_S43	Goat AdV-12-like	X73487.1	26022	G	A	38	0	23	23	1.0
AIAMA_GOT005_OS_S43	Goat AdV-12-like	X73487.1	26100	C	T	70	0	48	48	1.0
AIAMA_GOT005_OS_S43	Goat AdV-12-like	X73487.1	26109	C	A	73	0	51	51	1.0
AIAMA_GOT005_OS_S43	Goat AdV-12-like	X73487.1	26785	A	T	1	0	1	1	1.0
AIAMA_GOT005_OS_S43	Goat AdV-12-like	X73487.1	28016	T	C	3	0	3	3	1.0
AIAMA_GOT005_OS_S43	Goat AdV-12-like	X73487.1	28115	T	C	8	0	8	8	1.0
AIAMA_GOT005_OS_S43	Goat AdV-12-like	X73487.1	28260	G	A	45	0	35	35	1.0
AIAMA_GOT005_OS_S43	Goat AdV-12-like	X73487.1	28277	G	A	44	0	37	37	1.0
AIAMA_GOT005_OS_S43	Goat AdV-12-like	X73487.1	28458	G	A	8	0	8	8	1.0
AIAMA_GOT005_OS_S43	Goat AdV-12-like	X73487.1	28497	C	T	5	0	5	5	1.0
AIAMA_GOT005_OS_S43	Goat AdV-12-like	X73487.1	28532	T	C	9	0	9	9	1.0
AIAMA_GOT005_OS_S43	Goat AdV-12-like	X73487.1	28589	C	T	33	0	29	29	1.0
AIAMA_GOT005_OS_S43	Goat AdV-12-like	X73487.1	28631	C	T	81	0	53	53	1.0
AIAMA_GOT005_OS_S43	Goat AdV-12-like	X73487.1	28636	C	G	82	0	54	54	1.0
AIAMA_GOT005_OS_S43	Goat AdV-12-like	X73487.1	28643	T	G	83	0	51	51	1.0
AIAMA_GOT005_OS_S43	Goat AdV-12-like	X73487.1	28669	A	G	97	0	65	65	1.0
AIAMA_GOT005_OS_S43	Goat AdV-12-like	X73487.1	28683	A	C	111	0	69	69	1.0
AIAMA_GOT005_OS_S43	Goat AdV-12-like	X73487.1	29040	T	C	73	0	48	48	1.0
AIAMA_GOT005_OS_S43	Goat AdV-12-like	X73487.1	29187	TTAAATAAAT	TTAAATAAATAAAT	36	17	19	36	0.5277777777777778
AIAMA_GOT005_OS_S43	Goat AdV-12-like	X73487.1	29204	C	T	22	0	18	18	1.0
AIAMA_GOT005_OS_S43	Goat AdV-12-like	X73487.1	29218	T	C	30	0	22	22	1.0
AIAMA_GOT005_OS_S43	Goat AdV-12-like	X73487.1	29249	T	G	25	0	22	22	1.0
AIAMA_GOT005_OS_S43	Goat AdV-12-like	X73487.1	29319	G	T	12	1	8	9	0.8888888888888888
AIAMA_GOT005_OS_S43	Goat AdV-12-like	X73487.1	29400	A	G	62	1	40	41	0.975609756097561
AIAMA_GOT005_OS_S43	Goat AdV-12-like	X73487.1	29486	C	T	218	0	116	116	1.0
AIAMA_GOT005_OS_S43	Goat AdV-12-like	X73487.1	29535	T	A	133	1	87	88	0.9886363636363636
AIAMA_GOT005_OS_S43	Goat AdV-12-like	X73487.1	29700	A	G	115	0	84	84	1.0
AIAMA_GOT005_OS_S43	Goat AdV-12-like	X73487.1	29702	C	G	115	0	84	84	1.0
AIAMA_GOT005_OS_S43	Goat AdV-12-like	X73487.1	29778	C	T	66	0	58	58	1.0
AIAMA_GOT005_OS_S43	Goat AdV-12-like	X73487.1	29787	C	G	47	0	37	37	1.0
AIAMA_GOT005_OS_S43	Goat AdV-12-like	X73487.1	29805	G	C	34	0	26	26	1.0
AIAMA_GOT005_OS_S43	Goat AdV-12-like	X73487.1	29899	A	G	27	0	20	20	1.0
AIAMA_GOT005_OS_S43	Goat AdV-12-like	X73487.1	29902	T	C	26	0	19	19	1.0
AIAMA_GOT005_OS_S43	Goat AdV-12-like	X73487.1	29904	G	A	26	0	19	19	1.0
AIAMA_GOT005_OS_S43	Goat AdV-12-like	X73487.1	29910	C	G	26	0	19	19	1.0
AIAMA_GOT005_OS_S43	Goat AdV-12-like	X73487.1	29946	T	A	34	0	23	23	1.0
AIAMA_GOT005_OS_S43	Goat AdV-12-like	X73487.1	29978	G	A	36	0	27	27	1.0
AIAMA_GOT005_OS_S43	Goat AdV-12-like	X73487.1	30005	C	T	39	0	32	32	1.0
AIAMA_GOT005_OS_S43	Goat AdV-12-like	X73487.1	30009	G	T	39	0	32	32	1.0
AIAMA_GOT005_OS_S43	Goat AdV-12-like	X73487.1	30015	T	G	46	0	34	34	1.0
AIAMA_GOT005_OS_S43	Goat AdV-12-like	X73487.1	30027	G	A	59	0	43	43	1.0
AIAMA_GOT005_OS_S43	Goat AdV-12-like	X73487.1	30031	T	G	59	0	43	43	1.0
AIAMA_GOT005_OS_S43	Goat AdV-12-like	X73487.1	30034	G	A	57	0	41	41	1.0
AIAMA_GOT005_OS_S43	Goat AdV-12-like	X73487.1	30042	G	A	77	0	53	53	1.0
AIAMA_GOT005_OS_S43	Goat AdV-12-like	X73487.1	30057	T	C	66	0	49	49	1.0
AIAMA_GOT005_OS_S43	Goat AdV-12-like	X73487.1	30060	T	C	66	0	50	50	1.0
AIAMA_GOT005_OS_S43	Goat AdV-12-like	X73487.1	30066	T	C	70	0	49	49	1.0
AIAMA_GOT005_OS_S43	Goat AdV-12-like	X73487.1	30072	A	G	70	0	49	49	1.0
AIAMA_GOT005_OS_S43	Goat AdV-12-like	X73487.1	30073	A	T	81	0	52	52	1.0
AIAMA_GOT005_OS_S43	Goat AdV-12-like	X73487.1	30078	C	T	81	0	52	52	1.0
AIAMA_GOT005_OS_S43	Goat AdV-12-like	X73487.1	30145	G	T	106	0	65	65	1.0
AIAMA_GOT005_OS_S43	Goat AdV-12-like	X73487.1	30156	G	T	94	0	61	61	1.0
AIAMA_GOT005_OS_S43	Goat AdV-12-like	X73487.1	30162	T	C	54	0	40	40	1.0
AIAMA_GOT005_OS_S43	Goat AdV-12-like	X73487.1	30166	C	G	51	0	40	40	1.0
AIAMA_GOT005_OS_S43	Goat AdV-12-like	X73487.1	30167	A	G	51	0	40	40	1.0
AIAMA_GOT005_OS_S43	Goat AdV-12-like	X73487.1	30169	G	A	51	0	37	37	1.0
AIAMA_GOT005_OS_S43	Goat AdV-12-like	X73487.1	30171	C	T	56	5	40	45	0.8888888888888888
AIAMA_GOT005_OS_S43	Goat AdV-12-like	X73487.1	30249	A	G	49	2	34	36	0.9444444444444444
AIAMA_GOT005_OS_S43	Goat AdV-12-like	X73487.1	30276	C	T	64	0	44	44	1.0
AIAMA_GOT005_OS_S43	Goat AdV-12-like	X73487.1	30325	A	G	57	0	46	46	1.0
AIAMA_GOT005_OS_S43	Goat AdV-12-like	X73487.1	30342	G	A	51	0	39	39	1.0
AIAMA_GOT005_OS_S43	Goat AdV-12-like	X73487.1	30348	T	C	51	0	37	37	1.0
AIAMA_GOT005_OS_S43	Goat AdV-12-like	X73487.1	30364	C	A	45	0	33	33	1.0
AIAMA_GOT005_OS_S43	Goat AdV-12-like	X73487.1	30426	C	T	49	0	44	44	1.0
AIAMA_GOT005_OS_S43	Goat AdV-12-like	X73487.1	30454	C	A	37	0	35	35	1.0
AIAMA_GOT005_OS_S43	Goat AdV-12-like	X73487.1	30490	A	G	52	0	37	37	1.0
AIAMA_GOT005_OS_S43	Goat AdV-12-like	X73487.1	30519	A	G	68	0	49	49	1.0
AIAMA_GOT005_OS_S43	Goat AdV-12-like	X73487.1	30530	T	C	67	0	49	49	1.0
AIAMA_GOT005_OS_S43	Goat AdV-12-like	X73487.1	30549	C	T	68	0	49	49	1.0
AIAMA_GOT005_OS_S43	Goat AdV-12-like	X73487.1	30559	G	A	81	0	57	57	1.0
AIAMA_GOT005_OS_S43	Goat AdV-12-like	X73487.1	30567	C	T	87	0	60	60	1.0
AIAMA_GOT005_OS_S43	Goat AdV-12-like	X73487.1	30572	A	G	88	0	61	61	1.0
AIAMA_GOT005_OS_S43	Goat AdV-12-like	X73487.1	30597	G	A	128	1	85	86	0.9883720930232558
AIAMA_GOT005_OS_S43	Goat AdV-12-like	X73487.1	30657	C	T	114	0	73	73	1.0
AIAMA_GOT005_OS_S43	Goat AdV-12-like	X73487.1	30741	A	G	73	0	53	53	1.0
AIAMA_GOT005_OS_S43	Goat AdV-12-like	X73487.1	30868	A	G	114	0	78	78	1.0
AIAMA_GOT005_OS_S43	Goat AdV-12-like	X73487.1	30874	G	A	109	0	73	73	1.0
AIAMA_GOT005_OS_S43	Goat AdV-12-like	X73487.1	30879	C	T	111	0	73	73	1.0
AIAMA_GOT005_OS_S43	Goat AdV-12-like	X73487.1	30903	T	C	84	0	58	58	1.0
AIAMA_GOT005_OS_S43	Goat AdV-12-like	X73487.1	30904	G	A	79	0	57	57	1.0
AIAMA_GOT005_OS_S43	Goat AdV-12-like	X73487.1	30906	G	A	79	0	58	58	1.0
AIAMA_GOT005_OS_S43	Goat AdV-12-like	X73487.1	30936	G	A	85	0	61	61	1.0
AIAMA_GOT005_OS_S43	Goat AdV-12-like	X73487.1	30963	G	A	68	0	53	53	1.0
AIAMA_GOT005_OS_S43	Goat AdV-12-like	X73487.1	30966	C	T	68	0	53	53	1.0
AIAMA_GOT005_OS_S43	Goat AdV-12-like	X73487.1	31020	T	C	55	1	45	46	0.9782608695652174
AIAMA_GOT005_OS_S43	Goat AdV-12-like	X73487.1	31038	C	T	61	0	37	37	1.0
AIAMA_GOT005_OS_S43	Goat AdV-12-like	X73487.1	31050	C	T	61	0	40	40	1.0
AIAMA_GOT005_OS_S43	Goat AdV-12-like	X73487.1	31122	C	T	20	0	19	19	1.0
AIAMA_GOT005_OS_S43	Goat AdV-12-like	X73487.1	31133	AACACACACA	AACACACA	23	6	5	11	0.45454545454545453
AIAMA_GOT005_OS_S43	Goat AdV-12-like	X73487.1	31234	C	T	5	0	5	5	1.0
AIAMA_GOT005_OS_S43	Goat AdV-12-like	X73487.1	31323	G	A	2	0	2	2	1.0
AIAMA_GOT005_OS_S43	Goat AdV-12-like	X73487.1	31351	G	A	2	0	2	2	1.0
AIAMA_GOT005_OS_S43	Goat AdV-12-like	X73487.1	31410	T	C	6	0	6	6	1.0
AIAMA_GOT005_OS_S43	Goat AdV-12-like	X73487.1	31448	A	G	13	0	10	10	1.0
AIAMA_GOT005_OS_S43	Goat AdV-12-like	X73487.1	31457	A	G	14	0	11	11	1.0
AIAMA_GOT005_OS_S43	Goat AdV-12-like	X73487.1	31540	G	C	32	0	23	23	1.0
AIAMA_GOT005_OS_S43	Goat AdV-12-like	X73487.1	31586	T	C	53	1	37	38	0.9736842105263158
AIAMA_GOT005_OS_S43	Goat AdV-12-like	X73487.1	31589	T	C	53	1	37	38	0.9736842105263158
AIAMA_GOT005_OS_S43	Goat AdV-12-like	X73487.1	31591	G	T	51	0	37	37	1.0
AIAMA_GOT005_OS_S43	Goat AdV-12-like	X73487.1	31654	A	G	62	0	47	47	1.0
AIAMA_GOT005_OS_S43	Goat AdV-12-like	X73487.1	31832	A	G	61	0	45	45	1.0
AIAMA_GOT005_OS_S43	Goat AdV-12-like	X73487.1	31898	G	A	56	0	40	40	1.0
AIAMA_GOT005_OS_S43	Goat AdV-12-like	X73487.1	31907	G	A	61	0	51	51	1.0
AIAMA_GOT005_OS_S43	Goat AdV-12-like	X73487.1	31927	T	A	86	3	59	62	0.9516129032258065
AIAMA_GOT005_OS_S43	Goat AdV-12-like	X73487.1	31964	G	A	75	2	49	51	0.9607843137254902
AIAMA_GOT005_OS_S43	Goat AdV-12-like	X73487.1	31988	C	T	70	0	46	46	1.0
AIAMA_GOT005_OS_S43	Goat AdV-12-like	X73487.1	32225	C	G	81	0	49	49	1.0
AIAMA_GOT005_OS_S43	Goat AdV-12-like	X73487.1	32252	C	T	84	0	53	53	1.0
AIAMA_GOT005_OS_S43	Goat AdV-12-like	X73487.1	32508	C	T	48	0	34	34	1.0
AIAMA_GOT005_OS_S43	Goat AdV-12-like	X73487.1	32576	C	A	47	0	41	41	1.0
AIAMA_GOT005_OS_S43	Goat AdV-12-like	X73487.1	32742	T	A	25	0	25	25	1.0
AIAMA_GOT005_OS_S43	Goat AdV-12-like	X73487.1	32876	G	C	47	0	34	34	1.0
AIAMA_GOT005_OS_S43	Goat AdV-12-like	X73487.1	32892	C	T	42	0	29	29	1.0
AIAMA_GOT005_OS_S43	Goat AdV-12-like	X73487.1	32904	G	A	42	0	29	29	1.0
AIAMA_GOT005_OS_S43	Goat AdV-12-like	X73487.1	32940	C	A	23	0	23	23	1.0
AIAMA_GOT005_OS_S43	Goat AdV-12-like	X73487.1	33038	G	A	51	0	36	36	1.0
AIAMA_GOT005_OS_S43	Goat AdV-12-like	X73487.1	33053	T	C	69	0	49	49	1.0
AIAMA_GOT005_OS_S43	Goat AdV-12-like	X73487.1	33077	A	G	81	0	49	49	1.0
AIAMA_GOT005_OS_S43	Goat AdV-12-like	X73487.1	33160	A	C	61	0	48	48	1.0
AIAMA_GOT005_OS_S43	Goat AdV-12-like	X73487.1	33268	T	C	94	0	66	66	1.0
AIAMA_GOT005_OS_S43	Goat AdV-12-like	X73487.1	33495	C	T	19	0	19	19	1.0
AIAMA_GOT005_OS_S43	Goat AdV-12-like	X73487.1	33497	A	G	21	1	19	20	0.95
AIAMA_GOT005_OS_S43	Goat AdV-12-like	X73487.1	33507	G	A	25	1	19	20	0.95
AIAMA_GOT005_OS_S43	Goat AdV-12-like	X73487.1	33576	T	C	31	0	22	22	1.0
AIAMA_GOT005_OS_S43	Goat AdV-12-like	X73487.1	33605	G	A	47	0	29	29	1.0
AIAMA_GOT005_OS_S43	Goat AdV-12-like	X73487.1	33701	C	G	101	0	60	60	1.0
AIAMA_GOT005_OS_S43	Goat AdV-12-like	X73487.1	33702	G	A	101	0	60	60	1.0
AIAMA_GOT005_OS_S43	Goat AdV-12-like	X73487.1	33713	T	C	105	0	61	61	1.0
AIAMA_GOT005_OS_S43	Goat AdV-12-like	X73487.1	33774	G	C	40	0	24	24	1.0
AIAMA_GOT005_OS_S43	Goat AdV-12-like	X73487.1	33783	GAAAAA	GAAA	24	11	13	24	0.5416666666666666
AIAMA_GOT005_OS_S43	Goat AdV-12-like	X73487.1	33824	G	A	5	0	4	4	1.0
AIAMA_GOT005_OS_S43	Goat AdV-12-like	X73487.1	33871	A	G	1	0	1	1	1.0
AIAMA_GOT005_OS_S43	Goat AdV-12-like	X73487.1	33996	G	A	2	0	2	2	1.0
AIAMA_GOT005_OS_S43	Goat AdV-12-like	X73487.1	34000	C	A	2	0	2	2	1.0
AIAMA_GOT005_OS_S43	Goat AdV-12-like	X73487.1	34032	C	T	3	0	2	2	1.0
AIAMA_GOT005_OS_S43	Goat AdV-12-like	X73487.1	34034	A	C	3	0	2	2	1.0
AIAMA_GOT005_OS_S43	Goat AdV-12-like	X73487.1	34037	G	A	3	0	2	2	1.0
AINWZDOG001_S37	Dog AdV-18-like	GU191019.1	585	G	A	10	0	8	8	1.0
AINWZDOG001_S37	Dog AdV-18-like	GU191019.1	788	C	A	42	0	30	30	1.0
AINWZDOG001_S37	Dog AdV-18-like	GU191019.1	891	C	G	24	1	17	18	0.9444444444444444
AINWZDOG001_S37	Dog AdV-18-like	GU191019.1	941	C	T	25	0	16	16	1.0
AINWZDOG001_S37	Dog AdV-18-like	GU191019.1	956	T	C	26	2	16	18	0.8888888888888888
AINWZDOG001_S37	Dog AdV-18-like	GU191019.1	1034	T	C	17	1	9	10	0.9
AINWZDOG001_S37	Dog AdV-18-like	GU191019.1	1139	GTTT	GTT	6	0	6	6	1.0
AINWZDOG001_S37	Dog AdV-18-like	GU191019.1	1203	G	A	11	1	6	7	0.8571428571428571
AINWZDOG001_S37	Dog AdV-18-like	GU191019.1	1283	T	A	7	0	5	5	1.0
AINWZDOG001_S37	Dog AdV-18-like	GU191019.1	1293	A	G	7	0	5	5	1.0
AINWZDOG001_S37	Dog AdV-18-like	GU191019.1	1307	T	C	8	0	6	6	1.0
AINWZDOG001_S37	Dog AdV-18-like	GU191019.1	1308	A	G	8	0	6	6	1.0
AINWZDOG001_S37	Dog AdV-18-like	GU191019.1	2731	C	T	26	0	17	17	1.0
AINWZDOG001_S37	Dog AdV-18-like	GU191019.1	3335	G	A	8	0	6	6	1.0
AINWZDOG001_S37	Dog AdV-18-like	GU191019.1	3681	A	C	11	0	8	8	1.0
AINWZDOG001_S37	Dog AdV-18-like	GU191019.1	3683	T	G	11	0	8	8	1.0
AINWZDOG001_S37	Dog AdV-18-like	GU191019.1	3714	C	T	12	0	9	9	1.0
AINWZDOG001_S37	Dog AdV-18-like	GU191019.1	3937	C	T	19	2	10	12	0.8333333333333334
AINWZDOG001_S37	Dog AdV-18-like	GU191019.1	4117	G	A	18	0	11	11	1.0
AINWZDOG001_S37	Dog AdV-18-like	GU191019.1	4492	G	T	8	1	5	6	0.8333333333333334
AINWZDOG001_S37	Dog AdV-18-like	GU191019.1	4636	C	A	16	0	11	11	1.0
AINWZDOG001_S37	Dog AdV-18-like	GU191019.1	4795	C	T	7	0	6	6	1.0
AINWZDOG001_S37	Dog AdV-18-like	GU191019.1	5286	C	G	13	0	8	8	1.0
AINWZDOG001_S37	Dog AdV-18-like	GU191019.1	5553	G	A	14	0	9	9	1.0
AINWZDOG001_S37	Dog AdV-18-like	GU191019.1	5625	A	G	7	1	5	6	0.8333333333333334
AINWZDOG001_S37	Dog AdV-18-like	GU191019.1	5916	G	A	14	0	12	12	1.0
AINWZDOG001_S37	Dog AdV-18-like	GU191019.1	5925	A	T	14	0	12	12	1.0
AINWZDOG001_S37	Dog AdV-18-like	GU191019.1	5934	A	G	13	0	12	12	1.0
AINWZDOG001_S37	Dog AdV-18-like	GU191019.1	6471	T	C	11	0	7	7	1.0
AINWZDOG001_S37	Dog AdV-18-like	GU191019.1	6744	G	A	18	0	14	14	1.0
AINWZDOG001_S37	Dog AdV-18-like	GU191019.1	7068	C	T	7	0	6	6	1.0
AINWZDOG001_S37	Dog AdV-18-like	GU191019.1	7149	A	G	13	0	9	9	1.0
AINWZDOG001_S37	Dog AdV-18-like	GU191019.1	7167	G	A	13	0	9	9	1.0
AINWZDOG001_S37	Dog AdV-18-like	GU191019.1	7397	G	A	15	0	12	12	1.0
AINWZDOG001_S37	Dog AdV-18-like	GU191019.1	7448	A	T	21	0	12	12	1.0
AINWZDOG001_S37	Dog AdV-18-like	GU191019.1	7614	C	G	6	0	5	5	1.0
AINWZDOG001_S37	Dog AdV-18-like	GU191019.1	7635	G	A	7	0	5	5	1.0
AINWZDOG001_S37	Dog AdV-18-like	GU191019.1	8172	C	G	3	0	2	2	1.0
AINWZDOG001_S37	Dog AdV-18-like	GU191019.1	8368	A	G	24	0	14	14	1.0
AINWZDOG001_S37	Dog AdV-18-like	GU191019.1	8423	A	C	37	0	22	22	1.0
AINWZDOG001_S37	Dog AdV-18-like	GU191019.1	8924	G	A	15	0	11	11	1.0
AINWZDOG001_S37	Dog AdV-18-like	GU191019.1	9161	G	A	13	0	12	12	1.0
AINWZDOG001_S37	Dog AdV-18-like	GU191019.1	9173	T	A	11	0	11	11	1.0
AINWZDOG001_S37	Dog AdV-18-like	GU191019.1	9200	G	A	8	0	7	7	1.0
AINWZDOG001_S37	Dog AdV-18-like	GU191019.1	9299	G	A	7	0	6	6	1.0
AINWZDOG001_S37	Dog AdV-18-like	GU191019.1	9620	G	A	17	0	10	10	1.0
AINWZDOG001_S37	Dog AdV-18-like	GU191019.1	9779	G	A	9	0	7	7	1.0
AINWZDOG001_S37	Dog AdV-18-like	GU191019.1	10823	T	C	14	0	8	8	1.0
AINWZDOG001_S37	Dog AdV-18-like	GU191019.1	10847	T	A	26	3	12	15	0.8
AINWZDOG001_S37	Dog AdV-18-like	GU191019.1	10856	G	A	26	0	15	15	1.0
AINWZDOG001_S37	Dog AdV-18-like	GU191019.1	11378	A	T	11	0	6	6	1.0
AINWZDOG001_S37	Dog AdV-18-like	GU191019.1	11411	G	A	11	0	7	7	1.0
AINWZDOG001_S37	Dog AdV-18-like	GU191019.1	11755	A	C	11	0	7	7	1.0
AINWZDOG001_S37	Dog AdV-18-like	GU191019.1	11837	C	T	8	0	7	7	1.0
AINWZDOG001_S37	Dog AdV-18-like	GU191019.1	12332	G	A	13	0	8	8	1.0
AINWZDOG001_S37	Dog AdV-18-like	GU191019.1	12364	C	T	12	0	10	10	1.0
AINWZDOG001_S37	Dog AdV-18-like	GU191019.1	12460	G	A	4	0	4	4	1.0
AINWZDOG001_S37	Dog AdV-18-like	GU191019.1	12526	G	T	7	0	6	6	1.0
AINWZDOG001_S37	Dog AdV-18-like	GU191019.1	12622	T	C	15	0	12	12	1.0
AINWZDOG001_S37	Dog AdV-18-like	GU191019.1	12674	C	A	24	0	15	15	1.0
AINWZDOG001_S37	Dog AdV-18-like	GU191019.1	12733	A	G	32	4	17	21	0.8095238095238095
AINWZDOG001_S37	Dog AdV-18-like	GU191019.1	12739	T	C	30	4	17	21	0.8095238095238095
AINWZDOG001_S37	Dog AdV-18-like	GU191019.1	12796	G	A	15	0	11	11	1.0
AINWZDOG001_S37	Dog AdV-18-like	GU191019.1	12808	C	A	15	0	11	11	1.0
AINWZDOG001_S37	Dog AdV-18-like	GU191019.1	12838	T	C	8	0	6	6	1.0
AINWZDOG001_S37	Dog AdV-18-like	GU191019.1	12875	C	T	10	2	5	7	0.7142857142857143
AINWZDOG001_S37	Dog AdV-18-like	GU191019.1	12916	T	C	3	0	2	2	1.0
AINWZDOG001_S37	Dog AdV-18-like	GU191019.1	12937	G	A	2	0	1	1	1.0
AINWZDOG001_S37	Dog AdV-18-like	GU191019.1	12943	T	A	2	0	1	1	1.0
AINWZDOG001_S37	Dog AdV-18-like	GU191019.1	12967	A	G	3	0	2	2	1.0
AINWZDOG001_S37	Dog AdV-18-like	GU191019.1	13000	C	T	4	0	2	2	1.0
AINWZDOG001_S37	Dog AdV-18-like	GU191019.1	13039	C	T	4	0	2	2	1.0
AINWZDOG001_S37	Dog AdV-18-like	GU191019.1	13075	A	G	2	0	1	1	1.0
AINWZDOG001_S37	Dog AdV-18-like	GU191019.1	13085	G	T	2	0	1	1	1.0
AINWZDOG001_S37	Dog AdV-18-like	GU191019.1	13114	C	T	4	0	4	4	1.0
AINWZDOG001_S37	Dog AdV-18-like	GU191019.1	13186	A	G	9	0	7	7	1.0
AINWZDOG001_S37	Dog AdV-18-like	GU191019.1	13238	C	T	14	0	8	8	1.0
AINWZDOG001_S37	Dog AdV-18-like	GU191019.1	13289	T	C	11	0	9	9	1.0
AINWZDOG001_S37	Dog AdV-18-like	GU191019.1	13301	C	T	9	0	6	6	1.0
AINWZDOG001_S37	Dog AdV-18-like	GU191019.1	13426	T	C	4	0	3	3	1.0
AINWZDOG001_S37	Dog AdV-18-like	GU191019.1	13465	A	G	3	0	2	2	1.0
AINWZDOG001_S37	Dog AdV-18-like	GU191019.1	13681	C	T	16	0	14	14	1.0
AINWZDOG001_S37	Dog AdV-18-like	GU191019.1	13684	C	T	16	0	14	14	1.0
AINWZDOG001_S37	Dog AdV-18-like	GU191019.1	13687	C	T	16	0	14	14	1.0
AINWZDOG001_S37	Dog AdV-18-like	GU191019.1	13702	C	T	13	0	11	11	1.0
AINWZDOG001_S37	Dog AdV-18-like	GU191019.1	13730	C	A	12	0	9	9	1.0
AINWZDOG001_S37	Dog AdV-18-like	GU191019.1	13747	G	A	12	0	10	10	1.0
AINWZDOG001_S37	Dog AdV-18-like	GU191019.1	13765	G	A	17	2	10	12	0.8333333333333334
AINWZDOG001_S37	Dog AdV-18-like	GU191019.1	13795	C	T	10	1	7	8	0.875
AINWZDOG001_S37	Dog AdV-18-like	GU191019.1	13834	C	T	10	1	7	8	0.875
AINWZDOG001_S37	Dog AdV-18-like	GU191019.1	14191	T	C	10	0	7	7	1.0
AINWZDOG001_S37	Dog AdV-18-like	GU191019.1	14351	G	A	23	0	16	16	1.0
AINWZDOG001_S37	Dog AdV-18-like	GU191019.1	14422	G	A	18	0	13	13	1.0
AINWZDOG001_S37	Dog AdV-18-like	GU191019.1	15112	C	T	10	0	9	9	1.0
AINWZDOG001_S37	Dog AdV-18-like	GU191019.1	15149	A	G	9	0	7	7	1.0
AINWZDOG001_S37	Dog AdV-18-like	GU191019.1	15150	C	T	9	0	7	7	1.0
AINWZDOG001_S37	Dog AdV-18-like	GU191019.1	15193	T	C	6	0	5	5	1.0
AINWZDOG001_S37	Dog AdV-18-like	GU191019.1	15244	T	C	2	0	2	2	1.0
AINWZDOG001_S37	Dog AdV-18-like	GU191019.1	15740	G	A	10	0	6	6	1.0
AINWZDOG001_S37	Dog AdV-18-like	GU191019.1	15798	G	A	11	0	7	7	1.0
AINWZDOG001_S37	Dog AdV-18-like	GU191019.1	15818	G	A	11	0	7	7	1.0
AINWZDOG001_S37	Dog AdV-18-like	GU191019.1	15855	C	T	18	1	11	12	0.9166666666666666
AINWZDOG001_S37	Dog AdV-18-like	GU191019.1	16067	G	A	26	0	19	19	1.0
AINWZDOG001_S37	Dog AdV-18-like	GU191019.1	16079	G	A	19	0	13	13	1.0
AINWZDOG001_S37	Dog AdV-18-like	GU191019.1	16124	T	C	14	0	11	11	1.0
AINWZDOG001_S37	Dog AdV-18-like	GU191019.1	16211	G	A	16	0	13	13	1.0
AINWZDOG001_S37	Dog AdV-18-like	GU191019.1	16217	C	A	16	0	13	13	1.0
AINWZDOG001_S37	Dog AdV-18-like	GU191019.1	16226	T	G	17	0	13	13	1.0
AINWZDOG001_S37	Dog AdV-18-like	GU191019.1	16249	C	T	15	0	12	12	1.0
AINWZDOG001_S37	Dog AdV-18-like	GU191019.1	16255	T	C	24	2	11	13	0.8461538461538461
AINWZDOG001_S37	Dog AdV-18-like	GU191019.1	16310	T	C	24	0	13	13	1.0
AINWZDOG001_S37	Dog AdV-18-like	GU191019.1	16322	A	G	22	0	13	13	1.0
AINWZDOG001_S37	Dog AdV-18-like	GU191019.1	16340	A	G	21	0	12	12	1.0
AINWZDOG001_S37	Dog AdV-18-like	GU191019.1	16406	A	G	13	0	10	10	1.0
AINWZDOG001_S37	Dog AdV-18-like	GU191019.1	16466	C	T	13	0	9	9	1.0
AINWZDOG001_S37	Dog AdV-18-like	GU191019.1	16643	A	T	8	0	6	6	1.0
AINWZDOG001_S37	Dog AdV-18-like	GU191019.1	16740	C	T	11	0	8	8	1.0
AINWZDOG001_S37	Dog AdV-18-like	GU191019.1	16742	A	G	11	0	8	8	1.0
AINWZDOG001_S37	Dog AdV-18-like	GU191019.1	16778	G	T	21	0	13	13	1.0
AINWZDOG001_S37	Dog AdV-18-like	GU191019.1	16781	C	T	21	0	13	13	1.0
AINWZDOG001_S37	Dog AdV-18-like	GU191019.1	17075	T	C	19	0	15	15	1.0
AINWZDOG001_S37	Dog AdV-18-like	GU191019.1	17093	G	A	20	0	16	16	1.0
AINWZDOG001_S37	Dog AdV-18-like	GU191019.1	17144	A	G	24	0	17	17	1.0
AINWZDOG001_S37	Dog AdV-18-like	GU191019.1	17234	G	A	15	0	11	11	1.0
AINWZDOG001_S37	Dog AdV-18-like	GU191019.1	17252	A	G	10	0	8	8	1.0
AINWZDOG001_S37	Dog AdV-18-like	GU191019.1	17291	G	A	8	0	5	5	1.0
AINWZDOG001_S37	Dog AdV-18-like	GU191019.1	17294	C	G	8	0	6	6	1.0
AINWZDOG001_S37	Dog AdV-18-like	GU191019.1	17333	A	G	7	0	5	5	1.0
AINWZDOG001_S37	Dog AdV-18-like	GU191019.1	17334	G	A	7	0	5	5	1.0
AINWZDOG001_S37	Dog AdV-18-like	GU191019.1	17366	ACAGGGAGCCTC	A	9	3	4	7	0.5714285714285714
AINWZDOG001_S37	Dog AdV-18-like	GU191019.1	17511	C	G	9	0	8	8	1.0
AINWZDOG001_S37	Dog AdV-18-like	GU191019.1	17520	C	G	8	0	7	7	1.0
AINWZDOG001_S37	Dog AdV-18-like	GU191019.1	17529	G	A	6	0	5	5	1.0
AINWZDOG001_S37	Dog AdV-18-like	GU191019.1	17531	A	G	6	0	6	6	1.0
AINWZDOG001_S37	Dog AdV-18-like	GU191019.1	17537	G	A	6	0	6	6	1.0
AINWZDOG001_S37	Dog AdV-18-like	GU191019.1	17573	C	T	4	0	4	4	1.0
AINWZDOG001_S37	Dog AdV-18-like	GU191019.1	17636	G	A	10	0	10	10	1.0
AINWZDOG001_S37	Dog AdV-18-like	GU191019.1	17675	AC	A	24	5	14	19	0.7368421052631579
AINWZDOG001_S37	Dog AdV-18-like	GU191019.1	17942	T	C	14	0	11	11	1.0
AINWZDOG001_S37	Dog AdV-18-like	GU191019.1	18032	T	C	15	0	13	13	1.0
AINWZDOG001_S37	Dog AdV-18-like	GU191019.1	18180	A	G	15	0	11	11	1.0
AINWZDOG001_S37	Dog AdV-18-like	GU191019.1	18226	G	C	11	0	8	8	1.0
AINWZDOG001_S37	Dog AdV-18-like	GU191019.1	18263	T	C	10	0	7	7	1.0
AINWZDOG001_S37	Dog AdV-18-like	GU191019.1	18302	A	C	10	0	7	7	1.0
AINWZDOG001_S37	Dog AdV-18-like	GU191019.1	18329	G	C	3	0	2	2	1.0
AINWZDOG001_S37	Dog AdV-18-like	GU191019.1	18383	C	A	4	0	4	4	1.0
AINWZDOG001_S37	Dog AdV-18-like	GU191019.1	18386	G	A	6	1	4	5	0.8
AINWZDOG001_S37	Dog AdV-18-like	GU191019.1	18395	A	C	6	1	4	5	0.8
AINWZDOG001_S37	Dog AdV-18-like	GU191019.1	18413	T	C	4	0	4	4	1.0
AINWZDOG001_S37	Dog AdV-18-like	GU191019.1	18431	C	T	5	0	4	4	1.0
AINWZDOG001_S37	Dog AdV-18-like	GU191019.1	18443	C	A	4	0	3	3	1.0
AINWZDOG001_S37	Dog AdV-18-like	GU191019.1	18453	T	A	6	0	5	5	1.0
AINWZDOG001_S37	Dog AdV-18-like	GU191019.1	18578	T	C	22	0	15	15	1.0
AINWZDOG001_S37	Dog AdV-18-like	GU191019.1	18596	A	G	25	0	16	16	1.0
AINWZDOG001_S37	Dog AdV-18-like	GU191019.1	18605	T	C	22	0	14	14	1.0
AINWZDOG001_S37	Dog AdV-18-like	GU191019.1	18683	A	G	8	0	7	7	1.0
AINWZDOG001_S37	Dog AdV-18-like	GU191019.1	18686	A	G	8	0	7	7	1.0
AINWZDOG001_S37	Dog AdV-18-like	GU191019.1	18692	C	T	8	0	7	7	1.0
AINWZDOG001_S37	Dog AdV-18-like	GU191019.1	18833	T	C	17	0	10	10	1.0
AINWZDOG001_S37	Dog AdV-18-like	GU191019.1	18848	C	T	17	0	10	10	1.0
AINWZDOG001_S37	Dog AdV-18-like	GU191019.1	18878	T	C	17	0	11	11	1.0
AINWZDOG001_S37	Dog AdV-18-like	GU191019.1	18932	C	T	15	0	12	12	1.0
AINWZDOG001_S37	Dog AdV-18-like	GU191019.1	18937	T	C	18	1	13	14	0.9285714285714286
AINWZDOG001_S37	Dog AdV-18-like	GU191019.1	18992	G	A	12	0	7	7	1.0
AINWZDOG001_S37	Dog AdV-18-like	GU191019.1	19013	T	C	10	0	8	8	1.0
AINWZDOG001_S37	Dog AdV-18-like	GU191019.1	19020	T	A	13	0	11	11	1.0
AINWZDOG001_S37	Dog AdV-18-like	GU191019.1	19034	C	T	14	0	12	12	1.0
AINWZDOG001_S37	Dog AdV-18-like	GU191019.1	19040	C	T	16	0	14	14	1.0
AINWZDOG001_S37	Dog AdV-18-like	GU191019.1	19103	G	A	16	0	12	12	1.0
AINWZDOG001_S37	Dog AdV-18-like	GU191019.1	19136	A	G	21	1	12	13	0.9230769230769231
AINWZDOG001_S37	Dog AdV-18-like	GU191019.1	19187	T	C	17	0	13	13	1.0
AINWZDOG001_S37	Dog AdV-18-like	GU191019.1	19250	T	G	27	1	17	18	0.9444444444444444
AINWZDOG001_S37	Dog AdV-18-like	GU191019.1	19274	C	T	29	1	19	20	0.95
AINWZDOG001_S37	Dog AdV-18-like	GU191019.1	19311	C	T	23	0	16	16	1.0
AINWZDOG001_S37	Dog AdV-18-like	GU191019.1	19316	A	G	22	0	14	14	1.0
AINWZDOG001_S37	Dog AdV-18-like	GU191019.1	19383	C	T	11	0	9	9	1.0
AINWZDOG001_S37	Dog AdV-18-like	GU191019.1	19493	C	T	9	0	6	6	1.0
AINWZDOG001_S37	Dog AdV-18-like	GU191019.1	19505	C	T	9	0	6	6	1.0
AINWZDOG001_S37	Dog AdV-18-like	GU191019.1	19526	C	T	9	0	6	6	1.0
AINWZDOG001_S37	Dog AdV-18-like	GU191019.1	19541	T	C	9	0	7	7	1.0
AINWZDOG001_S37	Dog AdV-18-like	GU191019.1	19547	G	T	8	0	7	7	1.0
AINWZDOG001_S37	Dog AdV-18-like	GU191019.1	19568	G	A	10	0	8	8	1.0
AINWZDOG001_S37	Dog AdV-18-like	GU191019.1	19604	C	T	13	0	10	10	1.0
AINWZDOG001_S37	Dog AdV-18-like	GU191019.1	19658	G	C	29	0	18	18	1.0
AINWZDOG001_S37	Dog AdV-18-like	GU191019.1	19742	C	T	20	0	14	14	1.0
AINWZDOG001_S37	Dog AdV-18-like	GU191019.1	19754	C	T	20	0	13	13	1.0
AINWZDOG001_S37	Dog AdV-18-like	GU191019.1	19784	C	G	17	0	10	10	1.0
AINWZDOG001_S37	Dog AdV-18-like	GU191019.1	19835	T	C	21	0	14	14	1.0
AINWZDOG001_S37	Dog AdV-18-like	GU191019.1	19994	T	C	26	0	16	16	1.0
AINWZDOG001_S37	Dog AdV-18-like	GU191019.1	20021	A	G	18	0	13	13	1.0
AINWZDOG001_S37	Dog AdV-18-like	GU191019.1	20036	A	C	18	0	14	14	1.0
AINWZDOG001_S37	Dog AdV-18-like	GU191019.1	20150	C	T	22	0	13	13	1.0
AINWZDOG001_S37	Dog AdV-18-like	GU191019.1	20210	T	C	15	0	9	9	1.0
AINWZDOG001_S37	Dog AdV-18-like	GU191019.1	20255	G	T	10	0	3	3	1.0
AINWZDOG001_S37	Dog AdV-18-like	GU191019.1	20345	G	A	21	0	14	14	1.0
AINWZDOG001_S37	Dog AdV-18-like	GU191019.1	20357	C	A	20	0	13	13	1.0
AINWZDOG001_S37	Dog AdV-18-like	GU191019.1	20604	G	T	3	0	2	2	1.0
AINWZDOG001_S37	Dog AdV-18-like	GU191019.1	20748	A	T	13	0	12	12	1.0
AINWZDOG001_S37	Dog AdV-18-like	GU191019.1	20787	T	A	18	0	14	14	1.0
AINWZDOG001_S37	Dog AdV-18-like	GU191019.1	20811	G	A	17	0	12	12	1.0
AINWZDOG001_S37	Dog AdV-18-like	GU191019.1	20821	C	T	20	0	12	12	1.0
AINWZDOG001_S37	Dog AdV-18-like	GU191019.1	20847	C	T	19	0	11	11	1.0
AINWZDOG001_S37	Dog AdV-18-like	GU191019.1	20880	A	G	17	1	8	9	0.8888888888888888
AINWZDOG001_S37	Dog AdV-18-like	GU191019.1	20898	A	G	11	0	7	7	1.0
AINWZDOG001_S37	Dog AdV-18-like	GU191019.1	21077	G	A	10	0	6	6	1.0
AINWZDOG001_S37	Dog AdV-18-like	GU191019.1	21289	G	C	7	0	6	6	1.0
AINWZDOG001_S37	Dog AdV-18-like	GU191019.1	21350	G	A	11	0	8	8	1.0
AINWZDOG001_S37	Dog AdV-18-like	GU191019.1	21380	C	T	10	0	7	7	1.0
AINWZDOG001_S37	Dog AdV-18-like	GU191019.1	21437	C	G	12	0	9	9	1.0
AINWZDOG001_S37	Dog AdV-18-like	GU191019.1	21467	G	A	10	0	7	7	1.0
AINWZDOG001_S37	Dog AdV-18-like	GU191019.1	21503	G	A	13	0	8	8	1.0
AINWZDOG001_S37	Dog AdV-18-like	GU191019.1	21530	G	A	12	0	7	7	1.0
AINWZDOG001_S37	Dog AdV-18-like	GU191019.1	21570	G	T	11	0	8	8	1.0
AINWZDOG001_S37	Dog AdV-18-like	GU191019.1	21629	T	C	9	0	6	6	1.0
AINWZDOG001_S37	Dog AdV-18-like	GU191019.1	21659	G	A	14	0	10	10	1.0
AINWZDOG001_S37	Dog AdV-18-like	GU191019.1	21740	C	A	12	0	8	8	1.0
AINWZDOG001_S37	Dog AdV-18-like	GU191019.1	21750	A	T	12	1	6	7	0.8571428571428571
AINWZDOG001_S37	Dog AdV-18-like	GU191019.1	21788	T	C	6	0	5	5	1.0
AINWZDOG001_S37	Dog AdV-18-like	GU191019.1	21797	G	A	8	2	3	5	0.6
AINWZDOG001_S37	Dog AdV-18-like	GU191019.1	21851	A	G	11	0	7	7	1.0
AINWZDOG001_S37	Dog AdV-18-like	GU191019.1	21938	C	T	19	0	13	13	1.0
AINWZDOG001_S37	Dog AdV-18-like	GU191019.1	21973	A	G	17	0	11	11	1.0
AINWZDOG001_S37	Dog AdV-18-like	GU191019.1	22097	T	C	10	0	8	8	1.0
AINWZDOG001_S37	Dog AdV-18-like	GU191019.1	22682	T	C	14	0	11	11	1.0
AINWZDOG001_S37	Dog AdV-18-like	GU191019.1	22830	C	T	17	0	10	10	1.0
AINWZDOG001_S37	Dog AdV-18-like	GU191019.1	22961	C	T	10	0	7	7	1.0
AINWZDOG001_S37	Dog AdV-18-like	GU191019.1	23156	T	C	6	0	5	5	1.0
AINWZDOG001_S37	Dog AdV-18-like	GU191019.1	23228	C	T	6	0	6	6	1.0
AINWZDOG001_S37	Dog AdV-18-like	GU191019.1	23291	C	T	3	0	3	3	1.0
AINWZDOG001_S37	Dog AdV-18-like	GU191019.1	23459	G	C	21	0	17	17	1.0
AINWZDOG001_S37	Dog AdV-18-like	GU191019.1	23477	G	C	20	0	17	17	1.0
AINWZDOG001_S37	Dog AdV-18-like	GU191019.1	23558	C	A	20	0	15	15	1.0
AINWZDOG001_S37	Dog AdV-18-like	GU191019.1	23612	A	G	22	1	18	19	0.9473684210526315
AINWZDOG001_S37	Dog AdV-18-like	GU191019.1	23639	A	G	16	0	14	14	1.0
AINWZDOG001_S37	Dog AdV-18-like	GU191019.1	23738	C	T	13	0	8	8	1.0
AINWZDOG001_S37	Dog AdV-18-like	GU191019.1	23750	T	G	12	0	10	10	1.0
AINWZDOG001_S37	Dog AdV-18-like	GU191019.1	23882	G	A	12	0	10	10	1.0
AINWZDOG001_S37	Dog AdV-18-like	GU191019.1	23891	C	G	14	0	12	12	1.0
AINWZDOG001_S37	Dog AdV-18-like	GU191019.1	23930	G	A	13	0	9	9	1.0
AINWZDOG001_S37	Dog AdV-18-like	GU191019.1	23942	T	C	15	0	9	9	1.0
AINWZDOG001_S37	Dog AdV-18-like	GU191019.1	24056	G	A	24	0	19	19	1.0
AINWZDOG001_S37	Dog AdV-18-like	GU191019.1	24105	A	G	23	0	17	17	1.0
AINWZDOG001_S37	Dog AdV-18-like	GU191019.1	24323	A	G	22	0	17	17	1.0
AINWZDOG001_S37	Dog AdV-18-like	GU191019.1	24410	G	A	22	0	17	17	1.0
AINWZDOG001_S37	Dog AdV-18-like	GU191019.1	24843	C	T	14	0	10	10	1.0
AINWZDOG001_S37	Dog AdV-18-like	GU191019.1	25012	A	G	17	0	13	13	1.0
AINWZDOG001_S37	Dog AdV-18-like	GU191019.1	25168	C	A	6	0	4	4	1.0
AINWZDOG001_S37	Dog AdV-18-like	GU191019.1	25380	T	G	8	0	5	5	1.0
AINWZDOG001_S37	Dog AdV-18-like	GU191019.1	25558	A	G	2	0	1	1	1.0
AINWZDOG001_S37	Dog AdV-18-like	GU191019.1	25576	C	T	2	0	1	1	1.0
AINWZDOG001_S37	Dog AdV-18-like	GU191019.1	25588	C	T	1	0	1	1	1.0
AINWZDOG001_S37	Dog AdV-18-like	GU191019.1	25657	G	A	1	0	1	1	1.0
AINWZDOG001_S37	Dog AdV-18-like	GU191019.1	25658	C	T	1	0	1	1	1.0
AINWZDOG001_S37	Dog AdV-18-like	GU191019.1	25665	T	C	1	0	1	1	1.0
AINWZDOG001_S37	Dog AdV-18-like	GU191019.1	25899	C	T	7	0	5	5	1.0
AINWZDOG001_S37	Dog AdV-18-like	GU191019.1	26023	T	A	8	0	5	5	1.0
AINWZDOG001_S37	Dog AdV-18-like	GU191019.1	26058	G	A	6	0	3	3	1.0
AINWZDOG001_S37	Dog AdV-18-like	GU191019.1	26175	C	T	20	0	13	13	1.0
AINWZDOG001_S37	Dog AdV-18-like	GU191019.1	26307	A	G	26	0	16	16	1.0
AINWZDOG001_S37	Dog AdV-18-like	GU191019.1	26727	A	G	31	0	22	22	1.0
AINWZDOG001_S37	Dog AdV-18-like	GU191019.1	26970	T	C	13	0	10	10	1.0
AINWZDOG001_S37	Dog AdV-18-like	GU191019.1	26998	A	G	14	0	11	11	1.0
AINWZDOG001_S37	Dog AdV-18-like	GU191019.1	27006	C	A	14	0	11	11	1.0
AINWZDOG001_S37	Dog AdV-18-like	GU191019.1	27183	T	C	25	0	16	16	1.0
AINWZDOG001_S37	Dog AdV-18-like	GU191019.1	27255	A	G	14	0	8	8	1.0
AINWZDOG001_S37	Dog AdV-18-like	GU191019.1	27337	C	T	15	0	9	9	1.0
AINWZDOG001_S37	Dog AdV-18-like	GU191019.1	27375	A	G	13	0	7	7	1.0
AINWZDOG001_S37	Dog AdV-18-like	GU191019.1	27473	C	T	11	0	7	7	1.0
AINWZDOG001_S37	Dog AdV-18-like	GU191019.1	27644	A	T	7	0	4	4	1.0
AINWZDOG001_S37	Dog AdV-18-like	GU191019.1	27731	A	G	13	1	7	8	0.875
AINWZDOG001_S37	Dog AdV-18-like	GU191019.1	27873	G	A	8	0	7	7	1.0
AINWZDOG001_S37	Dog AdV-18-like	GU191019.1	27980	G	A	17	0	11	11	1.0
AINWZDOG001_S37	Dog AdV-18-like	GU191019.1	28098	A	G	16	0	15	15	1.0
AINWZDOG001_S37	Dog AdV-18-like	GU191019.1	28314	T	C	29	0	21	21	1.0
AINWZDOG001_S37	Dog AdV-18-like	GU191019.1	28438	T	C	18	0	12	12	1.0
AINWZDOG001_S37	Dog AdV-18-like	GU191019.1	28444	T	A	17	0	11	11	1.0
AINWZDOG001_S37	Dog AdV-18-like	GU191019.1	28583	AACACCT	A	2	0	2	2	1.0
AINWZDOG001_S37	Dog AdV-18-like	GU191019.1	28911	T	C	26	2	19	21	0.9047619047619048
AINWZDOG001_S37	Dog AdV-18-like	GU191019.1	29116	G	A	33	0	22	22	1.0
AINWZDOG001_S37	Dog AdV-18-like	GU191019.1	29166	T	C	27	0	20	20	1.0
AINWZDOG001_S37	Dog AdV-18-like	GU191019.1	29608	G	A	12	0	9	9	1.0
AINWZDOG001_S37	Dog AdV-18-like	GU191019.1	29664	A	G	13	0	10	10	1.0
AINWZDOG001_S37	Dog AdV-18-like	GU191019.1	29667	G	A	11	0	8	8	1.0
AINWZDOG001_S37	Dog AdV-18-like	GU191019.1	29684	G	A	20	0	13	13	1.0
AINWZDOG001_S37	Dog AdV-18-like	GU191019.1	29835	A	G	16	0	11	11	1.0
AINWZDOG001_S37	Dog AdV-18-like	GU191019.1	29838	G	C	15	0	10	10	1.0
AINWZDOG001_S37	Dog AdV-18-like	GU191019.1	29988	T	C	13	0	9	9	1.0
AINWZDOG001_S37	Dog AdV-18-like	GU191019.1	29989	A	G	12	0	8	8	1.0
AINWZDOG001_S37	Dog AdV-18-like	GU191019.1	30054	C	T	8	0	5	5	1.0
AINWZDOG001_S37	Dog AdV-18-like	GU191019.1	30068	T	C	9	0	6	6	1.0
AINWZDOG001_S37	Dog AdV-18-like	GU191019.1	30075	C	G	9	0	6	6	1.0
AINWZDOG001_S37	Dog AdV-18-like	GU191019.1	30130	G	A	13	0	9	9	1.0
AINWZDOG001_S37	Dog AdV-18-like	GU191019.1	30226	A	G	11	0	7	7	1.0
AINWZDOG001_S37	Dog AdV-18-like	GU191019.1	30328	G	A	7	0	7	7	1.0
AINWZDOG001_S37	Dog AdV-18-like	GU191019.1	30352	A	C	10	0	9	9	1.0
AINWZDOG001_S37	Dog AdV-18-like	GU191019.1	30353	C	T	8	0	7	7	1.0
AINWZDOG001_S37	Dog AdV-18-like	GU191019.1	30381	C	T	9	0	8	8	1.0
AINWZDOG001_S37	Dog AdV-18-like	GU191019.1	30401	C	G	9	0	7	7	1.0
AINWZDOG001_S37	Dog AdV-18-like	GU191019.1	30426	T	C	11	2	7	9	0.7777777777777778
AINWZDOG001_S37	Dog AdV-18-like	GU191019.1	30586	A	G	17	0	12	12	1.0
AINWZDOG001_S37	Dog AdV-18-like	GU191019.1	30806	C	G	12	0	9	9	1.0
AINWZDOG001_S37	Dog AdV-18-like	GU191019.1	31004	C	T	16	0	12	12	1.0
AINWZDOG001_S37	Dog AdV-18-like	GU191019.1	31211	C	T	15	1	10	11	0.9090909090909091
AINWZDOG001_S37	Dog AdV-18-like	GU191019.1	31390	A	G	28	0	16	16	1.0
AINWZDOG001_S37	Dog AdV-18-like	GU191019.1	31681	G	A	5	0	3	3	1.0
AINWZDOG001_S37	Dog AdV-18-like	GU191019.1	31735	C	T	6	1	4	5	0.8
AINWZDOG001_S37	Dog AdV-18-like	GU191019.1	31765	A	G	7	0	6	6	1.0
AINWZDOG001_S37	Dog AdV-18-like	GU191019.1	31801	G	A	19	0	14	14	1.0
AINWZDOG001_S37	Dog AdV-18-like	GU191019.1	31807	A	T	20	0	13	13	1.0
AINWZDOG001_S37	Dog AdV-18-like	GU191019.1	31827	T	C	28	4	13	17	0.7647058823529411
AINWZDOG001_S37	Dog AdV-18-like	GU191019.1	31840	T	C	20	0	13	13	1.0
AINWZDOG001_S37	Dog AdV-18-like	GU191019.1	31841	T	C	20	0	13	13	1.0
AINWZDOG001_S37	Dog AdV-18-like	GU191019.1	31872	G	A	40	0	25	25	1.0
AINWZDOG001_S37	Dog AdV-18-like	GU191019.1	31919	C	T	45	0	27	27	1.0
AINWZDOG001_S37	Dog AdV-18-like	GU191019.1	32017	G	A	29	1	22	23	0.9565217391304348
AINWZDOG001_S37	Dog AdV-18-like	GU191019.1	32038	C	T	27	0	21	21	1.0
AINWZDOG001_S37	Dog AdV-18-like	GU191019.1	32326	T	C	17	0	8	8	1.0
AINWZDOG001_S37	Dog AdV-18-like	GU191019.1	32648	C	T	7	1	5	6	0.8333333333333334
AINWZDOG001_S37	Dog AdV-18-like	GU191019.1	32843	A	G	15	0	10	10	1.0
AINWZDOG001_S37	Dog AdV-18-like	GU191019.1	32933	T	C	7	0	6	6	1.0
AINWZDOG001_S37	Dog AdV-18-like	GU191019.1	33235	A	G	27	0	17	17	1.0
AINWZDOG001_S37	Dog AdV-18-like	GU191019.1	33271	A	G	25	0	16	16	1.0
AINWZDOG001_S37	Dog AdV-18-like	GU191019.1	33376	A	G	5	0	4	4	1.0
AINWZDOG001_S37	Dog AdV-18-like	GU191019.1	33392	T	G	7	0	5	5	1.0
AINWZDOG001_S37	Dog AdV-18-like	GU191019.1	33472	T	C	12	0	7	7	1.0
AINWZDOG001_S37	Dog AdV-18-like	GU191019.1	33629	T	C	17	0	12	12	1.0
AINWZDOG001_S37	Dog AdV-18-like	GU191019.1	33674	A	G	17	0	10	10	1.0
AINWZDOG001_S37	Dog AdV-18-like	GU191019.1	33701	C	T	23	0	11	11	1.0
AINWZDOG001_S37	Dog AdV-18-like	GU191019.1	33743	G	A	31	0	19	19	1.0
AINWZDOG001_S37	Dog AdV-18-like	GU191019.1	33833	GAAAAAA	GAAAAA	15	0	14	14	1.0
AINWZDOG001_S37	Dog AdV-18-like	GU191019.1	33863	A	G	9	0	7	7	1.0
AINWZDOG001_S37	Dog AdV-18-like	GU191019.1	33883	T	C	2	0	2	2	1.0
AINWZDOG001_S37	Dog AdV-18-like	GU191019.1	33903	A	T	1	0	1	1	1.0
AINWZDOG001_S37	Dog AdV-18-like	GU191019.1	33904	T	C	1	0	1	1	1.0
AINWZDOG001_S37	Dog AdV-18-like	GU191019.1	33918	A	G	1	0	1	1	1.0
AINWZDOG001_S37	Dog AdV-18-like	GU191019.1	33923	A	G	1	0	1	1	1.0
