sample_id	reference	position	ref	alt	qual	depth	mapping_quality	variant_type	region_type	gene	product	feature_location	strand
AINWZDOG001_S37	GU191019.1	585	G	A	225.417	10	60	SNV	CDS	E1A	E1A protein	join{[491:1107](+), [1182:1403](+)}	1
AINWZDOG001_S37	GU191019.1	788	C	A	225.417	42	60	SNV	CDS	E1A	E1A protein	join{[491:1107](+), [1182:1403](+)}	1
AINWZDOG001_S37	GU191019.1	891	C	G	224.249	24	59	SNV	CDS	E1A	E1A protein	join{[491:1107](+), [1182:1403](+)}	1
AINWZDOG001_S37	GU191019.1	941	C	T	225.417	25	60	SNV	CDS	E1A	E1A protein	join{[491:1107](+), [1182:1403](+)}	1
AINWZDOG001_S37	GU191019.1	956	T	C	214.236	26	60	SNV	CDS	E1A	E1A protein	join{[491:1107](+), [1182:1403](+)}	1
AINWZDOG001_S37	GU191019.1	1034	T	C	218.25	17	58	SNV	CDS	E1A	E1A protein	join{[491:1107](+), [1182:1403](+)}	1
AINWZDOG001_S37	GU191019.1	1139	GTTT	GTT	106.415	6	60	INDEL	noncoding				
AINWZDOG001_S37	GU191019.1	1203	G	A	168.111	11	58	SNV	CDS	E1A	E1A protein	join{[491:1107](+), [1182:1403](+)}	1
AINWZDOG001_S37	GU191019.1	1283	T	A	158.416	7	60	SNV	CDS	E1A	E1A protein	join{[491:1107](+), [1182:1403](+)}	1
AINWZDOG001_S37	GU191019.1	1293	A	G	140.416	7	60	SNV	CDS	E1A	E1A protein	join{[491:1107](+), [1182:1403](+)}	1
AINWZDOG001_S37	GU191019.1	1307	T	C	173.416	8	60	SNV	CDS	E1A	E1A protein	join{[491:1107](+), [1182:1403](+)}	1
AINWZDOG001_S37	GU191019.1	1308	A	G	173.416	8	60	SNV	CDS	E1A	E1A protein	join{[491:1107](+), [1182:1403](+)}	1
AINWZDOG001_S37	GU191019.1	2731	C	T	225.417	26	60	SNV	CDS	E1B	E1B 55 kDa protein	[1867:3292](+)	1
AINWZDOG001_S37	GU191019.1	3335	G	A	186.416	8	60	SNV	noncoding				
AINWZDOG001_S37	GU191019.1	3681	A	C	225.417	11	60	SNV	CDS	IX	IX protein	[3368:3806](+)	1
AINWZDOG001_S37	GU191019.1	3683	T	G	225.417	11	60	SNV	CDS	IX	IX protein	[3368:3806](+)	1
AINWZDOG001_S37	GU191019.1	3714	C	T	225.417	12	60	SNV	CDS	IX	IX protein	[3368:3806](+)	1
AINWZDOG001_S37	GU191019.1	3937	C	T	221.243	19	60	SNV	CDS	IVa2	IVa2 protein	join{[5455:5468](-), [3843:5177](-)}	-1
AINWZDOG001_S37	GU191019.1	4117	G	A	225.417	18	60	SNV	CDS	IVa2	IVa2 protein	join{[5455:5468](-), [3843:5177](-)}	-1
AINWZDOG001_S37	GU191019.1	4492	G	T	99.9918	8	57	SNV	CDS	IVa2	IVa2 protein	join{[5455:5468](-), [3843:5177](-)}	-1
AINWZDOG001_S37	GU191019.1	4636	C	A	225.417	16	60	SNV	CDS	IVa2	IVa2 protein	join{[5455:5468](-), [3843:5177](-)}	-1
AINWZDOG001_S37	GU191019.1	4795	C	T	143.416	7	60	SNV	CDS	IVa2	IVa2 protein	join{[5455:5468](-), [3843:5177](-)}	-1
AINWZDOG001_S37	GU191019.1	5286	C	G	225.417	13	60	SNV	CDS	E2B	DNA polymerase	join{[13339:13348](-), [4949:8513](-)}	-1
AINWZDOG001_S37	GU191019.1	5553	G	A	225.417	14	60	SNV	CDS	E2B	DNA polymerase	join{[13339:13348](-), [4949:8513](-)}	-1
AINWZDOG001_S37	GU191019.1	5625	A	G	70.9905	7	54	SNV	CDS	E2B	DNA polymerase	join{[13339:13348](-), [4949:8513](-)}	-1
AINWZDOG001_S37	GU191019.1	5916	G	A	225.417	14	60	SNV	CDS	E2B	DNA polymerase	join{[13339:13348](-), [4949:8513](-)}	-1
AINWZDOG001_S37	GU191019.1	5925	A	T	225.417	14	60	SNV	CDS	E2B	DNA polymerase	join{[13339:13348](-), [4949:8513](-)}	-1
AINWZDOG001_S37	GU191019.1	5934	A	G	225.417	13	60	SNV	CDS	E2B	DNA polymerase	join{[13339:13348](-), [4949:8513](-)}	-1
AINWZDOG001_S37	GU191019.1	6471	T	C	225.417	11	60	SNV	CDS	E2B	DNA polymerase	join{[13339:13348](-), [4949:8513](-)}	-1
AINWZDOG001_S37	GU191019.1	6744	G	A	225.417	18	60	SNV	CDS	E2B	DNA polymerase	join{[13339:13348](-), [4949:8513](-)}	-1
AINWZDOG001_S37	GU191019.1	7068	C	T	165.416	7	60	SNV	CDS	E2B	DNA polymerase	join{[13339:13348](-), [4949:8513](-)}	-1
AINWZDOG001_S37	GU191019.1	7149	A	G	206.417	13	60	SNV	CDS	E2B	DNA polymerase	join{[13339:13348](-), [4949:8513](-)}	-1
AINWZDOG001_S37	GU191019.1	7167	G	A	225.417	13	60	SNV	CDS	E2B	DNA polymerase	join{[13339:13348](-), [4949:8513](-)}	-1
AINWZDOG001_S37	GU191019.1	7397	G	A	225.417	15	60	SNV	CDS	E2B	DNA polymerase	join{[13339:13348](-), [4949:8513](-)}	-1
AINWZDOG001_S37	GU191019.1	7448	A	T	225.417	21	60	SNV	CDS	E2B	DNA polymerase	join{[13339:13348](-), [4949:8513](-)}	-1
AINWZDOG001_S37	GU191019.1	7614	C	G	132.416	6	60	SNV	CDS	E2B	DNA polymerase	join{[13339:13348](-), [4949:8513](-)}	-1
AINWZDOG001_S37	GU191019.1	7635	G	A	144.416	7	60	SNV	CDS	E2B	DNA polymerase	join{[13339:13348](-), [4949:8513](-)}	-1
AINWZDOG001_S37	GU191019.1	8172	C	G	58.4147	3	60	SNV	CDS	E2B	DNA polymerase	join{[13339:13348](-), [4949:8513](-)}	-1
AINWZDOG001_S37	GU191019.1	8368	A	G	225.417	24	60	SNV	CDS	E2B;E2B	DNA polymerase;terminal protein precursor	join{[13339:13348](-), [4949:8513](-)};join{[13339:13348](-), [8311:10228](-)}	-1;-1
AINWZDOG001_S37	GU191019.1	8423	A	C	225.417	37	60	SNV	CDS	E2B;E2B	DNA polymerase;terminal protein precursor	join{[13339:13348](-), [4949:8513](-)};join{[13339:13348](-), [8311:10228](-)}	-1;-1
AINWZDOG001_S37	GU191019.1	8924	G	A	225.417	15	60	SNV	CDS	E2B	terminal protein precursor	join{[13339:13348](-), [8311:10228](-)}	-1
AINWZDOG001_S37	GU191019.1	9161	G	A	221.417	13	60	SNV	CDS	E2B	terminal protein precursor	join{[13339:13348](-), [8311:10228](-)}	-1
AINWZDOG001_S37	GU191019.1	9173	T	A	171.416	11	60	SNV	CDS	E2B	terminal protein precursor	join{[13339:13348](-), [8311:10228](-)}	-1
AINWZDOG001_S37	GU191019.1	9200	G	A	159.416	8	60	SNV	CDS	E2B	terminal protein precursor	join{[13339:13348](-), [8311:10228](-)}	-1
AINWZDOG001_S37	GU191019.1	9299	G	A	165.416	7	60	SNV	CDS	E2B	terminal protein precursor	join{[13339:13348](-), [8311:10228](-)}	-1
AINWZDOG001_S37	GU191019.1	9620	G	A	225.417	17	60	SNV	CDS	E2B	terminal protein precursor	join{[13339:13348](-), [8311:10228](-)}	-1
AINWZDOG001_S37	GU191019.1	9779	G	A	209.417	9	60	SNV	CDS	E2B	terminal protein precursor	join{[13339:13348](-), [8311:10228](-)}	-1
AINWZDOG001_S37	GU191019.1	10823	T	C	225.417	14	60	SNV	CDS	L1	52 kDa protein	[10427:11552](+)	1
AINWZDOG001_S37	GU191019.1	10847	T	A	203.207	26	60	SNV	CDS	L1	52 kDa protein	[10427:11552](+)	1
AINWZDOG001_S37	GU191019.1	10856	G	A	225.417	26	60	SNV	CDS	L1	52 kDa protein	[10427:11552](+)	1
AINWZDOG001_S37	GU191019.1	11378	A	T	225.417	11	60	SNV	CDS	L1	52 kDa protein	[10427:11552](+)	1
AINWZDOG001_S37	GU191019.1	11411	G	A	225.417	11	60	SNV	CDS	L1	52 kDa protein	[10427:11552](+)	1
AINWZDOG001_S37	GU191019.1	11755	A	C	225.417	11	60	SNV	CDS	L1	protein IIIa precursor	[11572:13309](+)	1
AINWZDOG001_S37	GU191019.1	11837	C	T	173.416	8	60	SNV	CDS	L1	protein IIIa precursor	[11572:13309](+)	1
AINWZDOG001_S37	GU191019.1	12332	G	A	225.417	13	60	SNV	CDS	L1	protein IIIa precursor	[11572:13309](+)	1
AINWZDOG001_S37	GU191019.1	12364	C	T	225.417	12	49	SNV	CDS	L1	protein IIIa precursor	[11572:13309](+)	1
AINWZDOG001_S37	GU191019.1	12460	G	A	94.4151	4	60	SNV	CDS	L1	protein IIIa precursor	[11572:13309](+)	1
AINWZDOG001_S37	GU191019.1	12526	G	T	143.416	7	60	SNV	CDS	L1	protein IIIa precursor	[11572:13309](+)	1
AINWZDOG001_S37	GU191019.1	12622	T	C	225.417	15	60	SNV	CDS	L1	protein IIIa precursor	[11572:13309](+)	1
AINWZDOG001_S37	GU191019.1	12674	C	A	225.417	24	60	SNV	CDS	L1	protein IIIa precursor	[11572:13309](+)	1
AINWZDOG001_S37	GU191019.1	12733	A	G	146.031	32	56	SNV	CDS	L1	protein IIIa precursor	[11572:13309](+)	1
AINWZDOG001_S37	GU191019.1	12739	T	C	146.002	30	56	SNV	CDS	L1	protein IIIa precursor	[11572:13309](+)	1
AINWZDOG001_S37	GU191019.1	12796	G	A	225.417	15	59	SNV	CDS	L1	protein IIIa precursor	[11572:13309](+)	1
AINWZDOG001_S37	GU191019.1	12808	C	A	225.417	15	59	SNV	CDS	L1	protein IIIa precursor	[11572:13309](+)	1
AINWZDOG001_S37	GU191019.1	12838	T	C	187.416	8	60	SNV	CDS	L1	protein IIIa precursor	[11572:13309](+)	1
AINWZDOG001_S37	GU191019.1	12875	C	T	66.7451	10	54	SNV	CDS	L1	protein IIIa precursor	[11572:13309](+)	1
AINWZDOG001_S37	GU191019.1	12916	T	C	50.4146	3	60	SNV	CDS	L1	protein IIIa precursor	[11572:13309](+)	1
AINWZDOG001_S37	GU191019.1	12937	G	A	16.5123	2	60	SNV	CDS	L1	protein IIIa precursor	[11572:13309](+)	1
AINWZDOG001_S37	GU191019.1	12943	T	A	30.4183	2	60	SNV	CDS	L1	protein IIIa precursor	[11572:13309](+)	1
AINWZDOG001_S37	GU191019.1	12967	A	G	58.4147	3	60	SNV	CDS	L1	protein IIIa precursor	[11572:13309](+)	1
AINWZDOG001_S37	GU191019.1	13000	C	T	74.4149	4	60	SNV	CDS	L1	protein IIIa precursor	[11572:13309](+)	1
AINWZDOG001_S37	GU191019.1	13039	C	T	80.4149	4	60	SNV	CDS	L1	protein IIIa precursor	[11572:13309](+)	1
AINWZDOG001_S37	GU191019.1	13075	A	G	30.4183	2	60	SNV	CDS	L1	protein IIIa precursor	[11572:13309](+)	1
AINWZDOG001_S37	GU191019.1	13085	G	T	30.4183	2	60	SNV	CDS	L1	protein IIIa precursor	[11572:13309](+)	1
AINWZDOG001_S37	GU191019.1	13114	C	T	73.4149	4	60	SNV	CDS	L1	protein IIIa precursor	[11572:13309](+)	1
AINWZDOG001_S37	GU191019.1	13186	A	G	172.416	9	60	SNV	CDS	L1	protein IIIa precursor	[11572:13309](+)	1
AINWZDOG001_S37	GU191019.1	13238	C	T	225.417	14	60	SNV	CDS	L1	protein IIIa precursor	[11572:13309](+)	1
AINWZDOG001_S37	GU191019.1	13289	T	C	225.417	11	59	SNV	CDS	L1	protein IIIa precursor	[11572:13309](+)	1
AINWZDOG001_S37	GU191019.1	13301	C	T	145.42	9	59	SNV	CDS	L1	protein IIIa precursor	[11572:13309](+)	1
AINWZDOG001_S37	GU191019.1	13426	T	C	92.4151	4	60	SNV	CDS	L2	penton protein	[13390:14914](+)	1
AINWZDOG001_S37	GU191019.1	13465	A	G	64.4147	3	60	SNV	CDS	L2	penton protein	[13390:14914](+)	1
AINWZDOG001_S37	GU191019.1	13681	C	T	225.417	16	60	SNV	CDS	L2	penton protein	[13390:14914](+)	1
AINWZDOG001_S37	GU191019.1	13684	C	T	225.417	16	60	SNV	CDS	L2	penton protein	[13390:14914](+)	1
AINWZDOG001_S37	GU191019.1	13687	C	T	225.417	16	60	SNV	CDS	L2	penton protein	[13390:14914](+)	1
AINWZDOG001_S37	GU191019.1	13702	C	T	225.417	13	60	SNV	CDS	L2	penton protein	[13390:14914](+)	1
AINWZDOG001_S37	GU191019.1	13730	C	A	225.417	12	60	SNV	CDS	L2	penton protein	[13390:14914](+)	1
AINWZDOG001_S37	GU191019.1	13747	G	A	225.417	12	60	SNV	CDS	L2	penton protein	[13390:14914](+)	1
AINWZDOG001_S37	GU191019.1	13765	G	A	159.957	17	58	SNV	CDS	L2	penton protein	[13390:14914](+)	1
AINWZDOG001_S37	GU191019.1	13795	C	T	151.131	10	57	SNV	CDS	L2	penton protein	[13390:14914](+)	1
AINWZDOG001_S37	GU191019.1	13834	C	T	149.131	10	57	SNV	CDS	L2	penton protein	[13390:14914](+)	1
AINWZDOG001_S37	GU191019.1	14191	T	C	222.417	10	60	SNV	CDS	L2	penton protein	[13390:14914](+)	1
AINWZDOG001_S37	GU191019.1	14351	G	A	225.417	23	60	SNV	CDS	L2	penton protein	[13390:14914](+)	1
AINWZDOG001_S37	GU191019.1	14422	G	A	225.417	18	60	SNV	CDS	L2	penton protein	[13390:14914](+)	1
AINWZDOG001_S37	GU191019.1	15112	C	T	215.417	10	60	SNV	CDS	L2	protein VII	[14926:15496](+)	1
AINWZDOG001_S37	GU191019.1	15149	A	G	196.416	9	60	SNV	CDS	L2	protein VII	[14926:15496](+)	1
AINWZDOG001_S37	GU191019.1	15150	C	T	203.417	9	60	SNV	CDS	L2	protein VII	[14926:15496](+)	1
AINWZDOG001_S37	GU191019.1	15193	T	C	142.416	6	60	SNV	CDS	L2	protein VII	[14926:15496](+)	1
AINWZDOG001_S37	GU191019.1	15244	T	C	38.415	2	60	SNV	CDS	L2	protein VII	[14926:15496](+)	1
AINWZDOG001_S37	GU191019.1	15740	G	A	225.417	10	60	SNV	CDS	L2	protein V	[15536:16586](+)	1
AINWZDOG001_S37	GU191019.1	15798	G	A	201.416	11	58	SNV	CDS	L2	protein V	[15536:16586](+)	1
AINWZDOG001_S37	GU191019.1	15818	G	A	225.417	11	60	SNV	CDS	L2	protein V	[15536:16586](+)	1
AINWZDOG001_S37	GU191019.1	15855	C	T	224.262	18	58	SNV	CDS	L2	protein V	[15536:16586](+)	1
AINWZDOG001_S37	GU191019.1	16067	G	A	225.417	26	60	SNV	CDS	L2	protein V	[15536:16586](+)	1
AINWZDOG001_S37	GU191019.1	16079	G	A	225.417	19	60	SNV	CDS	L2	protein V	[15536:16586](+)	1
AINWZDOG001_S37	GU191019.1	16124	T	C	225.417	14	60	SNV	CDS	L2	protein V	[15536:16586](+)	1
AINWZDOG001_S37	GU191019.1	16211	G	A	225.417	16	60	SNV	CDS	L2	protein V	[15536:16586](+)	1
AINWZDOG001_S37	GU191019.1	16217	C	A	225.417	16	60	SNV	CDS	L2	protein V	[15536:16586](+)	1
AINWZDOG001_S37	GU191019.1	16226	T	G	225.417	17	60	SNV	CDS	L2	protein V	[15536:16586](+)	1
AINWZDOG001_S37	GU191019.1	16249	C	T	225.417	15	60	SNV	CDS	L2	protein V	[15536:16586](+)	1
AINWZDOG001_S37	GU191019.1	16255	T	C	199.172	24	60	SNV	CDS	L2	protein V	[15536:16586](+)	1
AINWZDOG001_S37	GU191019.1	16310	T	C	225.417	24	60	SNV	CDS	L2	protein V	[15536:16586](+)	1
AINWZDOG001_S37	GU191019.1	16322	A	G	225.417	22	60	SNV	CDS	L2	protein V	[15536:16586](+)	1
AINWZDOG001_S37	GU191019.1	16340	A	G	225.417	21	60	SNV	CDS	L2	protein V	[15536:16586](+)	1
AINWZDOG001_S37	GU191019.1	16406	A	G	225.417	13	60	SNV	CDS	L2	protein V	[15536:16586](+)	1
AINWZDOG001_S37	GU191019.1	16466	C	T	225.417	13	60	SNV	CDS	L2	protein V	[15536:16586](+)	1
AINWZDOG001_S37	GU191019.1	16643	A	T	155.416	8	46	SNV	CDS	L2	protein X	[16610:16829](+)	1
AINWZDOG001_S37	GU191019.1	16740	C	T	207.417	11	60	SNV	CDS	L2	protein X	[16610:16829](+)	1
AINWZDOG001_S37	GU191019.1	16742	A	G	205.417	11	60	SNV	CDS	L2	protein X	[16610:16829](+)	1
AINWZDOG001_S37	GU191019.1	16778	G	T	225.417	21	56	SNV	CDS	L2	protein X	[16610:16829](+)	1
AINWZDOG001_S37	GU191019.1	16781	C	T	225.417	21	56	SNV	CDS	L2	protein X	[16610:16829](+)	1
AINWZDOG001_S37	GU191019.1	17075	T	C	225.417	19	60	SNV	CDS	L3	protein VI	[16883:17666](+)	1
AINWZDOG001_S37	GU191019.1	17093	G	A	225.417	20	60	SNV	CDS	L3	protein VI	[16883:17666](+)	1
AINWZDOG001_S37	GU191019.1	17144	A	G	225.417	24	60	SNV	CDS	L3	protein VI	[16883:17666](+)	1
AINWZDOG001_S37	GU191019.1	17234	G	A	225.417	15	55	SNV	CDS	L3	protein VI	[16883:17666](+)	1
AINWZDOG001_S37	GU191019.1	17252	A	G	202.417	10	49	SNV	CDS	L3	protein VI	[16883:17666](+)	1
AINWZDOG001_S37	GU191019.1	17291	G	A	89.4151	8	43	SNV	CDS	L3	protein VI	[16883:17666](+)	1
AINWZDOG001_S37	GU191019.1	17294	C	G	105.415	8	46	SNV	CDS	L3	protein VI	[16883:17666](+)	1
AINWZDOG001_S37	GU191019.1	17333	A	G	143.416	7	49	SNV	CDS	L3	protein VI	[16883:17666](+)	1
AINWZDOG001_S37	GU191019.1	17334	G	A	143.416	7	49	SNV	CDS	L3	protein VI	[16883:17666](+)	1
AINWZDOG001_S37	GU191019.1	17366	ACAGGGAGCCTC	A	29.6375	9	56	INDEL	CDS	L3	protein VI	[16883:17666](+)	1
AINWZDOG001_S37	GU191019.1	17511	C	G	203.417	9	60	SNV	CDS	L3	protein VI	[16883:17666](+)	1
AINWZDOG001_S37	GU191019.1	17520	C	G	182.416	8	60	SNV	CDS	L3	protein VI	[16883:17666](+)	1
AINWZDOG001_S37	GU191019.1	17529	G	A	111.415	6	60	SNV	CDS	L3	protein VI	[16883:17666](+)	1
AINWZDOG001_S37	GU191019.1	17531	A	G	127.416	6	60	SNV	CDS	L3	protein VI	[16883:17666](+)	1
AINWZDOG001_S37	GU191019.1	17537	G	A	140.416	6	60	SNV	CDS	L3	protein VI	[16883:17666](+)	1
AINWZDOG001_S37	GU191019.1	17573	C	T	75.4149	4	60	SNV	CDS	L3	protein VI	[16883:17666](+)	1
AINWZDOG001_S37	GU191019.1	17636	G	A	204.417	10	60	SNV	CDS	L3	protein VI	[16883:17666](+)	1
AINWZDOG001_S37	GU191019.1	17675	AC	A	106.834	24	56	INDEL	noncoding				
AINWZDOG001_S37	GU191019.1	17942	T	C	225.417	14	60	SNV	CDS	L3	hexon protein	[17765:20525](+)	1
AINWZDOG001_S37	GU191019.1	18032	T	C	225.417	15	60	SNV	CDS	L3	hexon protein	[17765:20525](+)	1
AINWZDOG001_S37	GU191019.1	18180	A	G	225.417	15	60	SNV	CDS	L3	hexon protein	[17765:20525](+)	1
AINWZDOG001_S37	GU191019.1	18226	G	C	225.417	11	60	SNV	CDS	L3	hexon protein	[17765:20525](+)	1
AINWZDOG001_S37	GU191019.1	18263	T	C	207.417	10	60	SNV	CDS	L3	hexon protein	[17765:20525](+)	1
AINWZDOG001_S37	GU191019.1	18302	A	C	188.416	10	60	SNV	CDS	L3	hexon protein	[17765:20525](+)	1
AINWZDOG001_S37	GU191019.1	18329	G	C	58.4147	3	60	SNV	CDS	L3	hexon protein	[17765:20525](+)	1
AINWZDOG001_S37	GU191019.1	18383	C	A	73.4149	4	60	SNV	CDS	L3	hexon protein	[17765:20525](+)	1
AINWZDOG001_S37	GU191019.1	18386	G	A	37.9015	6	56	SNV	CDS	L3	hexon protein	[17765:20525](+)	1
AINWZDOG001_S37	GU191019.1	18395	A	C	37.9015	6	56	SNV	CDS	L3	hexon protein	[17765:20525](+)	1
AINWZDOG001_S37	GU191019.1	18413	T	C	73.4149	4	60	SNV	CDS	L3	hexon protein	[17765:20525](+)	1
AINWZDOG001_S37	GU191019.1	18431	C	T	99.4152	5	60	SNV	CDS	L3	hexon protein	[17765:20525](+)	1
AINWZDOG001_S37	GU191019.1	18443	C	A	75.4149	4	60	SNV	CDS	L3	hexon protein	[17765:20525](+)	1
AINWZDOG001_S37	GU191019.1	18453	T	A	128.416	6	60	SNV	CDS	L3	hexon protein	[17765:20525](+)	1
AINWZDOG001_S37	GU191019.1	18578	T	C	225.417	22	60	SNV	CDS	L3	hexon protein	[17765:20525](+)	1
AINWZDOG001_S37	GU191019.1	18596	A	G	225.417	25	60	SNV	CDS	L3	hexon protein	[17765:20525](+)	1
AINWZDOG001_S37	GU191019.1	18605	T	C	225.417	22	60	SNV	CDS	L3	hexon protein	[17765:20525](+)	1
AINWZDOG001_S37	GU191019.1	18683	A	G	181.416	8	59	SNV	CDS	L3	hexon protein	[17765:20525](+)	1
AINWZDOG001_S37	GU191019.1	18686	A	G	169.416	8	59	SNV	CDS	L3	hexon protein	[17765:20525](+)	1
AINWZDOG001_S37	GU191019.1	18692	C	T	183.416	8	59	SNV	CDS	L3	hexon protein	[17765:20525](+)	1
AINWZDOG001_S37	GU191019.1	18833	T	C	225.417	17	60	SNV	CDS	L3	hexon protein	[17765:20525](+)	1
AINWZDOG001_S37	GU191019.1	18848	C	T	225.417	17	60	SNV	CDS	L3	hexon protein	[17765:20525](+)	1
AINWZDOG001_S37	GU191019.1	18878	T	C	225.417	17	60	SNV	CDS	L3	hexon protein	[17765:20525](+)	1
AINWZDOG001_S37	GU191019.1	18932	C	T	225.417	15	60	SNV	CDS	L3	hexon protein	[17765:20525](+)	1
AINWZDOG001_S37	GU191019.1	18937	T	C	228.269	18	58	SNV	CDS	L3	hexon protein	[17765:20525](+)	1
AINWZDOG001_S37	GU191019.1	18992	G	A	225.417	12	60	SNV	CDS	L3	hexon protein	[17765:20525](+)	1
AINWZDOG001_S37	GU191019.1	19013	T	C	219.417	10	56	SNV	CDS	L3	hexon protein	[17765:20525](+)	1
AINWZDOG001_S37	GU191019.1	19020	T	A	225.417	13	57	SNV	CDS	L3	hexon protein	[17765:20525](+)	1
AINWZDOG001_S37	GU191019.1	19034	C	T	225.417	14	57	SNV	CDS	L3	hexon protein	[17765:20525](+)	1
AINWZDOG001_S37	GU191019.1	19040	C	T	225.417	16	58	SNV	CDS	L3	hexon protein	[17765:20525](+)	1
AINWZDOG001_S37	GU191019.1	19103	G	A	225.417	16	60	SNV	CDS	L3	hexon protein	[17765:20525](+)	1
AINWZDOG001_S37	GU191019.1	19136	A	G	221.26	21	58	SNV	CDS	L3	hexon protein	[17765:20525](+)	1
AINWZDOG001_S37	GU191019.1	19187	T	C	225.417	17	60	SNV	CDS	L3	hexon protein	[17765:20525](+)	1
AINWZDOG001_S37	GU191019.1	19250	T	G	228.318	27	58	SNV	CDS	L3	hexon protein	[17765:20525](+)	1
AINWZDOG001_S37	GU191019.1	19274	C	T	228.313	29	59	SNV	CDS	L3	hexon protein	[17765:20525](+)	1
AINWZDOG001_S37	GU191019.1	19311	C	T	225.417	23	60	SNV	CDS	L3	hexon protein	[17765:20525](+)	1
AINWZDOG001_S37	GU191019.1	19316	A	G	210.421	22	60	SNV	CDS	L3	hexon protein	[17765:20525](+)	1
AINWZDOG001_S37	GU191019.1	19383	C	T	205.417	11	60	SNV	CDS	L3	hexon protein	[17765:20525](+)	1
AINWZDOG001_S37	GU191019.1	19493	C	T	191.416	9	60	SNV	CDS	L3	hexon protein	[17765:20525](+)	1
AINWZDOG001_S37	GU191019.1	19505	C	T	191.416	9	60	SNV	CDS	L3	hexon protein	[17765:20525](+)	1
AINWZDOG001_S37	GU191019.1	19526	C	T	203.417	9	60	SNV	CDS	L3	hexon protein	[17765:20525](+)	1
AINWZDOG001_S37	GU191019.1	19541	T	C	206.417	9	60	SNV	CDS	L3	hexon protein	[17765:20525](+)	1
AINWZDOG001_S37	GU191019.1	19547	G	T	168.416	8	60	SNV	CDS	L3	hexon protein	[17765:20525](+)	1
AINWZDOG001_S37	GU191019.1	19568	G	A	224.417	10	60	SNV	CDS	L3	hexon protein	[17765:20525](+)	1
AINWZDOG001_S37	GU191019.1	19604	C	T	225.417	13	60	SNV	CDS	L3	hexon protein	[17765:20525](+)	1
AINWZDOG001_S37	GU191019.1	19658	G	C	225.417	29	60	SNV	CDS	L3	hexon protein	[17765:20525](+)	1
AINWZDOG001_S37	GU191019.1	19742	C	T	225.417	20	60	SNV	CDS	L3	hexon protein	[17765:20525](+)	1
AINWZDOG001_S37	GU191019.1	19754	C	T	225.417	20	60	SNV	CDS	L3	hexon protein	[17765:20525](+)	1
AINWZDOG001_S37	GU191019.1	19784	C	G	225.417	17	60	SNV	CDS	L3	hexon protein	[17765:20525](+)	1
AINWZDOG001_S37	GU191019.1	19835	T	C	225.417	21	60	SNV	CDS	L3	hexon protein	[17765:20525](+)	1
AINWZDOG001_S37	GU191019.1	19994	T	C	225.417	26	60	SNV	CDS	L3	hexon protein	[17765:20525](+)	1
AINWZDOG001_S37	GU191019.1	20021	A	G	225.417	18	60	SNV	CDS	L3	hexon protein	[17765:20525](+)	1
AINWZDOG001_S37	GU191019.1	20036	A	C	225.417	18	55	SNV	CDS	L3	hexon protein	[17765:20525](+)	1
AINWZDOG001_S37	GU191019.1	20150	C	T	225.417	22	60	SNV	CDS	L3	hexon protein	[17765:20525](+)	1
AINWZDOG001_S37	GU191019.1	20210	T	C	225.417	15	60	SNV	CDS	L3	hexon protein	[17765:20525](+)	1
AINWZDOG001_S37	GU191019.1	20255	G	T	127.418	10	60	SNV	CDS	L3	hexon protein	[17765:20525](+)	1
AINWZDOG001_S37	GU191019.1	20345	G	A	225.417	21	60	SNV	CDS	L3	hexon protein	[17765:20525](+)	1
AINWZDOG001_S37	GU191019.1	20357	C	A	225.417	20	60	SNV	CDS	L3	hexon protein	[17765:20525](+)	1
AINWZDOG001_S37	GU191019.1	20604	G	T	28.4205	3	60	SNV	CDS	L3	protease protein	[20550:21165](+)	1
AINWZDOG001_S37	GU191019.1	20748	A	T	225.417	13	59	SNV	CDS	L3	protease protein	[20550:21165](+)	1
AINWZDOG001_S37	GU191019.1	20787	T	A	225.417	18	60	SNV	CDS	L3	protease protein	[20550:21165](+)	1
AINWZDOG001_S37	GU191019.1	20811	G	A	225.417	17	60	SNV	CDS	L3	protease protein	[20550:21165](+)	1
AINWZDOG001_S37	GU191019.1	20821	C	T	225.417	20	60	SNV	CDS	L3	protease protein	[20550:21165](+)	1
AINWZDOG001_S37	GU191019.1	20847	C	T	225.417	19	60	SNV	CDS	L3	protease protein	[20550:21165](+)	1
AINWZDOG001_S37	GU191019.1	20880	A	G	215.247	17	57	SNV	CDS	L3	protease protein	[20550:21165](+)	1
AINWZDOG001_S37	GU191019.1	20898	A	G	225.417	11	60	SNV	CDS	L3	protease protein	[20550:21165](+)	1
AINWZDOG001_S37	GU191019.1	21077	G	A	218.417	10	60	SNV	CDS	L3	protease protein	[20550:21165](+)	1
AINWZDOG001_S37	GU191019.1	21289	G	C	164.416	7	60	SNV	CDS	E2A	DNA binding protein	[21235:22696](-)	-1
AINWZDOG001_S37	GU191019.1	21350	G	A	225.417	11	60	SNV	CDS	E2A	DNA binding protein	[21235:22696](-)	-1
AINWZDOG001_S37	GU191019.1	21380	C	T	225.417	10	60	SNV	CDS	E2A	DNA binding protein	[21235:22696](-)	-1
AINWZDOG001_S37	GU191019.1	21437	C	G	225.417	12	60	SNV	CDS	E2A	DNA binding protein	[21235:22696](-)	-1
AINWZDOG001_S37	GU191019.1	21467	G	A	223.417	10	60	SNV	CDS	E2A	DNA binding protein	[21235:22696](-)	-1
AINWZDOG001_S37	GU191019.1	21503	G	A	225.417	13	60	SNV	CDS	E2A	DNA binding protein	[21235:22696](-)	-1
AINWZDOG001_S37	GU191019.1	21530	G	A	225.417	12	60	SNV	CDS	E2A	DNA binding protein	[21235:22696](-)	-1
AINWZDOG001_S37	GU191019.1	21570	G	T	225.417	11	60	SNV	CDS	E2A	DNA binding protein	[21235:22696](-)	-1
AINWZDOG001_S37	GU191019.1	21629	T	C	195.416	9	60	SNV	CDS	E2A	DNA binding protein	[21235:22696](-)	-1
AINWZDOG001_S37	GU191019.1	21659	G	A	225.417	14	60	SNV	CDS	E2A	DNA binding protein	[21235:22696](-)	-1
AINWZDOG001_S37	GU191019.1	21740	C	A	225.417	12	60	SNV	CDS	E2A	DNA binding protein	[21235:22696](-)	-1
AINWZDOG001_S37	GU191019.1	21750	A	T	199.17	12	57	SNV	CDS	E2A	DNA binding protein	[21235:22696](-)	-1
AINWZDOG001_S37	GU191019.1	21788	T	C	135.416	6	60	SNV	CDS	E2A	DNA binding protein	[21235:22696](-)	-1
AINWZDOG001_S37	GU191019.1	21797	G	A	5.03932	8	54	SNV	CDS	E2A	DNA binding protein	[21235:22696](-)	-1
AINWZDOG001_S37	GU191019.1	21851	A	G	225.417	11	60	SNV	CDS	E2A	DNA binding protein	[21235:22696](-)	-1
AINWZDOG001_S37	GU191019.1	21938	C	T	225.417	19	60	SNV	CDS	E2A	DNA binding protein	[21235:22696](-)	-1
AINWZDOG001_S37	GU191019.1	21973	A	G	225.417	17	60	SNV	CDS	E2A	DNA binding protein	[21235:22696](-)	-1
AINWZDOG001_S37	GU191019.1	22097	T	C	220.417	10	60	SNV	CDS	E2A	DNA binding protein	[21235:22696](-)	-1
AINWZDOG001_S37	GU191019.1	22682	T	C	225.417	14	60	SNV	CDS	E2A	DNA binding protein	[21235:22696](-)	-1
AINWZDOG001_S37	GU191019.1	22830	C	T	225.417	17	60	SNV	CDS	L4	100 kDa protein	[22721:25085](+)	1
AINWZDOG001_S37	GU191019.1	22961	C	T	222.417	10	60	SNV	CDS	L4	100 kDa protein	[22721:25085](+)	1
AINWZDOG001_S37	GU191019.1	23156	T	C	135.416	6	60	SNV	CDS	L4	100 kDa protein	[22721:25085](+)	1
AINWZDOG001_S37	GU191019.1	23228	C	T	125.416	6	60	SNV	CDS	L4	100 kDa protein	[22721:25085](+)	1
AINWZDOG001_S37	GU191019.1	23291	C	T	66.4148	3	60	SNV	CDS	L4	100 kDa protein	[22721:25085](+)	1
AINWZDOG001_S37	GU191019.1	23459	G	C	225.417	21	60	SNV	CDS	L4	100 kDa protein	[22721:25085](+)	1
AINWZDOG001_S37	GU191019.1	23477	G	C	225.417	20	60	SNV	CDS	L4	100 kDa protein	[22721:25085](+)	1
AINWZDOG001_S37	GU191019.1	23558	C	A	225.417	20	60	SNV	CDS	L4	100 kDa protein	[22721:25085](+)	1
AINWZDOG001_S37	GU191019.1	23612	A	G	228.348	22	59	SNV	CDS	L4	100 kDa protein	[22721:25085](+)	1
AINWZDOG001_S37	GU191019.1	23639	A	G	225.417	16	60	SNV	CDS	L4	100 kDa protein	[22721:25085](+)	1
AINWZDOG001_S37	GU191019.1	23738	C	T	225.417	13	60	SNV	CDS	L4	100 kDa protein	[22721:25085](+)	1
AINWZDOG001_S37	GU191019.1	23750	T	G	225.417	12	60	SNV	CDS	L4	100 kDa protein	[22721:25085](+)	1
AINWZDOG001_S37	GU191019.1	23882	G	A	225.417	12	59	SNV	CDS	L4	100 kDa protein	[22721:25085](+)	1
AINWZDOG001_S37	GU191019.1	23891	C	G	225.417	14	59	SNV	CDS	L4	100 kDa protein	[22721:25085](+)	1
AINWZDOG001_S37	GU191019.1	23930	G	A	225.417	13	60	SNV	CDS	L4	100 kDa protein	[22721:25085](+)	1
AINWZDOG001_S37	GU191019.1	23942	T	C	225.417	15	60	SNV	CDS	L4	100 kDa protein	[22721:25085](+)	1
AINWZDOG001_S37	GU191019.1	24056	G	A	225.417	24	57	SNV	CDS	L4	100 kDa protein	[22721:25085](+)	1
AINWZDOG001_S37	GU191019.1	24105	A	G	225.417	23	60	SNV	CDS	L4	100 kDa protein	[22721:25085](+)	1
AINWZDOG001_S37	GU191019.1	24323	A	G	225.417	22	60	SNV	CDS	L4	100 kDa protein	[22721:25085](+)	1
AINWZDOG001_S37	GU191019.1	24410	G	A	225.417	22	60	SNV	CDS	L4	100 kDa protein	[22721:25085](+)	1
AINWZDOG001_S37	GU191019.1	24843	C	T	225.417	14	60	SNV	CDS	L4;L4;L4	100 kDa protein;33 kDa protein;22 kDa protein	[22721:25085](+);join{[24816:25126](+), [25304:25609](+)};[24816:25359](+)	1;1;1
AINWZDOG001_S37	GU191019.1	25012	A	G	225.417	17	60	SNV	CDS	L4;L4;L4	100 kDa protein;33 kDa protein;22 kDa protein	[22721:25085](+);join{[24816:25126](+), [25304:25609](+)};[24816:25359](+)	1;1;1
AINWZDOG001_S37	GU191019.1	25168	C	A	136.416	6	60	SNV	CDS	L4	22 kDa protein	[24816:25359](+)	1
AINWZDOG001_S37	GU191019.1	25380	T	G	154.416	8	60	SNV	CDS	L4	33 kDa protein	join{[24816:25126](+), [25304:25609](+)}	1
AINWZDOG001_S37	GU191019.1	25558	A	G	30.4183	2	60	SNV	CDS	L4	33 kDa protein	join{[24816:25126](+), [25304:25609](+)}	1
AINWZDOG001_S37	GU191019.1	25576	C	T	30.4183	2	60	SNV	CDS	L4	33 kDa protein	join{[24816:25126](+), [25304:25609](+)}	1
AINWZDOG001_S37	GU191019.1	25588	C	T	5.75677	1	52	SNV	CDS	L4	33 kDa protein	join{[24816:25126](+), [25304:25609](+)}	1
AINWZDOG001_S37	GU191019.1	25657	G	A	5.75677	1	46	SNV	noncoding				
AINWZDOG001_S37	GU191019.1	25658	C	T	5.75677	1	46	SNV	noncoding				
AINWZDOG001_S37	GU191019.1	25665	T	C	5.75677	1	46	SNV	CDS	L4	protein VIII	[25659:26364](+)	1
AINWZDOG001_S37	GU191019.1	25899	C	T	168.416	7	60	SNV	CDS	L4	protein VIII	[25659:26364](+)	1
AINWZDOG001_S37	GU191019.1	26023	T	A	184.416	8	60	SNV	CDS	L4	protein VIII	[25659:26364](+)	1
AINWZDOG001_S37	GU191019.1	26058	G	A	121.415	6	60	SNV	CDS	L4	protein VIII	[25659:26364](+)	1
AINWZDOG001_S37	GU191019.1	26175	C	T	225.417	20	60	SNV	CDS	L4	protein VIII	[25659:26364](+)	1
AINWZDOG001_S37	GU191019.1	26307	A	G	225.417	26	60	SNV	CDS	L4	protein VIII	[25659:26364](+)	1
AINWZDOG001_S37	GU191019.1	26727	A	G	225.417	31	60	SNV	CDS	E3	CR1-alpha protein	[26634:27432](+)	1
AINWZDOG001_S37	GU191019.1	26970	T	C	225.417	13	60	SNV	CDS	E3	CR1-alpha protein	[26634:27432](+)	1
AINWZDOG001_S37	GU191019.1	26998	A	G	225.417	14	60	SNV	CDS	E3	CR1-alpha protein	[26634:27432](+)	1
AINWZDOG001_S37	GU191019.1	27006	C	A	225.417	14	60	SNV	CDS	E3	CR1-alpha protein	[26634:27432](+)	1
AINWZDOG001_S37	GU191019.1	27183	T	C	225.417	25	60	SNV	CDS	E3	CR1-alpha protein	[26634:27432](+)	1
AINWZDOG001_S37	GU191019.1	27255	A	G	225.417	14	60	SNV	CDS	E3	CR1-alpha protein	[26634:27432](+)	1
AINWZDOG001_S37	GU191019.1	27337	C	T	225.417	15	60	SNV	CDS	E3	CR1-alpha protein	[26634:27432](+)	1
AINWZDOG001_S37	GU191019.1	27375	A	G	225.417	13	60	SNV	CDS	E3	CR1-alpha protein	[26634:27432](+)	1
AINWZDOG001_S37	GU191019.1	27473	C	T	225.417	11	60	SNV	CDS	E3	CR1-beta protein	[27434:28244](+)	1
AINWZDOG001_S37	GU191019.1	27644	A	T	168.416	7	60	SNV	CDS	E3	CR1-beta protein	[27434:28244](+)	1
AINWZDOG001_S37	GU191019.1	27731	A	G	212.193	13	57	SNV	CDS	E3	CR1-beta protein	[27434:28244](+)	1
AINWZDOG001_S37	GU191019.1	27873	G	A	159.416	8	60	SNV	CDS	E3	CR1-beta protein	[27434:28244](+)	1
AINWZDOG001_S37	GU191019.1	27980	G	A	225.417	17	60	SNV	CDS	E3	CR1-beta protein	[27434:28244](+)	1
AINWZDOG001_S37	GU191019.1	28098	A	G	225.417	16	60	SNV	CDS	E3	CR1-beta protein	[27434:28244](+)	1
AINWZDOG001_S37	GU191019.1	28314	T	C	225.417	29	60	SNV	CDS	E3	RID-alpha protein	[28263:28539](+)	1
AINWZDOG001_S37	GU191019.1	28438	T	C	225.417	18	60	SNV	CDS	E3	RID-alpha protein	[28263:28539](+)	1
AINWZDOG001_S37	GU191019.1	28444	T	A	225.417	17	60	SNV	CDS	E3	RID-alpha protein	[28263:28539](+)	1
AINWZDOG001_S37	GU191019.1	28583	AACACCT	A	80.4149	2	60	INDEL	CDS	E3	RID-beta protein	[28535:28868](+)	1
AINWZDOG001_S37	GU191019.1	28911	T	C	227.247	26	60	SNV	CDS	E3	14.7 kDa protein	[28860:29247](+)	1
AINWZDOG001_S37	GU191019.1	29116	G	A	225.417	33	57	SNV	CDS	E3	14.7 kDa protein	[28860:29247](+)	1
AINWZDOG001_S37	GU191019.1	29166	T	C	225.417	27	57	SNV	CDS	E3	14.7 kDa protein	[28860:29247](+)	1
AINWZDOG001_S37	GU191019.1	29608	G	A	225.417	12	60	SNV	CDS	L5	fiber protein	[29424:31185](+)	1
AINWZDOG001_S37	GU191019.1	29664	A	G	225.417	13	60	SNV	CDS	L5	fiber protein	[29424:31185](+)	1
AINWZDOG001_S37	GU191019.1	29667	G	A	225.417	11	60	SNV	CDS	L5	fiber protein	[29424:31185](+)	1
AINWZDOG001_S37	GU191019.1	29684	G	A	225.417	20	60	SNV	CDS	L5	fiber protein	[29424:31185](+)	1
AINWZDOG001_S37	GU191019.1	29835	A	G	225.417	16	60	SNV	CDS	L5	fiber protein	[29424:31185](+)	1
AINWZDOG001_S37	GU191019.1	29838	G	C	225.417	15	60	SNV	CDS	L5	fiber protein	[29424:31185](+)	1
AINWZDOG001_S37	GU191019.1	29988	T	C	225.417	13	59	SNV	CDS	L5	fiber protein	[29424:31185](+)	1
AINWZDOG001_S37	GU191019.1	29989	A	G	225.417	12	60	SNV	CDS	L5	fiber protein	[29424:31185](+)	1
AINWZDOG001_S37	GU191019.1	30054	C	T	190.416	8	60	SNV	CDS	L5	fiber protein	[29424:31185](+)	1
AINWZDOG001_S37	GU191019.1	30068	T	C	208.417	9	60	SNV	CDS	L5	fiber protein	[29424:31185](+)	1
AINWZDOG001_S37	GU191019.1	30075	C	G	208.417	9	60	SNV	CDS	L5	fiber protein	[29424:31185](+)	1
AINWZDOG001_S37	GU191019.1	30130	G	A	225.417	13	60	SNV	CDS	L5	fiber protein	[29424:31185](+)	1
AINWZDOG001_S37	GU191019.1	30226	A	G	225.417	11	60	SNV	CDS	L5	fiber protein	[29424:31185](+)	1
AINWZDOG001_S37	GU191019.1	30328	G	A	159.416	7	60	SNV	CDS	L5	fiber protein	[29424:31185](+)	1
AINWZDOG001_S37	GU191019.1	30352	A	C	216.417	10	60	SNV	CDS	L5	fiber protein	[29424:31185](+)	1
AINWZDOG001_S37	GU191019.1	30353	C	T	166.416	8	60	SNV	CDS	L5	fiber protein	[29424:31185](+)	1
AINWZDOG001_S37	GU191019.1	30381	C	T	189.416	9	60	SNV	CDS	L5	fiber protein	[29424:31185](+)	1
AINWZDOG001_S37	GU191019.1	30401	C	G	210.417	9	60	SNV	CDS	L5	fiber protein	[29424:31185](+)	1
AINWZDOG001_S37	GU191019.1	30426	T	C	85.8069	11	56	SNV	CDS	L5	fiber protein	[29424:31185](+)	1
AINWZDOG001_S37	GU191019.1	30586	A	G	225.417	17	60	SNV	CDS	L5	fiber protein	[29424:31185](+)	1
AINWZDOG001_S37	GU191019.1	30806	C	G	225.417	12	60	SNV	CDS	L5	fiber protein	[29424:31185](+)	1
AINWZDOG001_S37	GU191019.1	31004	C	T	225.417	16	60	SNV	CDS	L5	fiber protein	[29424:31185](+)	1
AINWZDOG001_S37	GU191019.1	31211	C	T	221.233	15	58	SNV	noncoding				
AINWZDOG001_S37	GU191019.1	31390	A	G	225.417	28	60	SNV	CDS	E4	ORF 6/7 protein	join{[32213:32361](-), [31229:31462](-)}	-1
AINWZDOG001_S37	GU191019.1	31681	G	A	102.415	5	60	SNV	CDS	E4	34 kDa protein	[31485:32361](-)	-1
AINWZDOG001_S37	GU191019.1	31735	C	T	53.901	6	56	SNV	CDS	E4	34 kDa protein	[31485:32361](-)	-1
AINWZDOG001_S37	GU191019.1	31765	A	G	147.416	7	60	SNV	CDS	E4	34 kDa protein	[31485:32361](-)	-1
AINWZDOG001_S37	GU191019.1	31801	G	A	225.417	19	60	SNV	CDS	E4	34 kDa protein	[31485:32361](-)	-1
AINWZDOG001_S37	GU191019.1	31807	A	T	225.417	20	60	SNV	CDS	E4	34 kDa protein	[31485:32361](-)	-1
AINWZDOG001_S37	GU191019.1	31827	T	C	107.901	28	56	SNV	CDS	E4	34 kDa protein	[31485:32361](-)	-1
AINWZDOG001_S37	GU191019.1	31840	T	C	225.417	20	60	SNV	CDS	E4	34 kDa protein	[31485:32361](-)	-1
AINWZDOG001_S37	GU191019.1	31841	T	C	225.417	20	60	SNV	CDS	E4	34 kDa protein	[31485:32361](-)	-1
AINWZDOG001_S37	GU191019.1	31872	G	A	225.417	40	60	SNV	CDS	E4	34 kDa protein	[31485:32361](-)	-1
AINWZDOG001_S37	GU191019.1	31919	C	T	225.417	45	60	SNV	CDS	E4	34 kDa protein	[31485:32361](-)	-1
AINWZDOG001_S37	GU191019.1	32017	G	A	228.331	29	59	SNV	CDS	E4	34 kDa protein	[31485:32361](-)	-1
AINWZDOG001_S37	GU191019.1	32038	C	T	225.417	27	60	SNV	CDS	E4	34 kDa protein	[31485:32361](-)	-1
AINWZDOG001_S37	GU191019.1	32326	T	C	225.417	17	60	SNV	CDS	E4;E4;E4	ORF 6/7 protein;34 kDa protein;ORF4 protein	join{[32213:32361](-), [31229:31462](-)};[31485:32361](-);[32293:32656](-)	-1;-1;-1
AINWZDOG001_S37	GU191019.1	32648	C	T	55.9223	7	42	SNV	CDS	E4	ORF4 protein	[32293:32656](-)	-1
AINWZDOG001_S37	GU191019.1	32843	A	G	207.417	15	33	SNV	CDS	E4	ORF3 protein	[32662:33013](-)	-1
AINWZDOG001_S37	GU191019.1	32933	T	C	64.4147	7	20	SNV	CDS	E4	ORF3 protein	[32662:33013](-)	-1
AINWZDOG001_S37	GU191019.1	33235	A	G	225.421	27	34	SNV	CDS	E4	ORF2 protein	[33009:33405](-)	-1
AINWZDOG001_S37	GU191019.1	33271	A	G	225.417	25	35	SNV	CDS	E4	ORF2 protein	[33009:33405](-)	-1
AINWZDOG001_S37	GU191019.1	33376	A	G	110.415	5	48	SNV	CDS	E4	ORF2 protein	[33009:33405](-)	-1
AINWZDOG001_S37	GU191019.1	33392	T	G	131.416	7	37	SNV	CDS	E4	ORF2 protein	[33009:33405](-)	-1
AINWZDOG001_S37	GU191019.1	33472	T	C	198.416	12	42	SNV	CDS	E4	ORF1 protein	[33436:33820](-)	-1
AINWZDOG001_S37	GU191019.1	33629	T	C	225.417	17	55	SNV	CDS	E4	ORF1 protein	[33436:33820](-)	-1
AINWZDOG001_S37	GU191019.1	33674	A	G	225.417	17	56	SNV	CDS	E4	ORF1 protein	[33436:33820](-)	-1
AINWZDOG001_S37	GU191019.1	33701	C	T	225.417	23	56	SNV	CDS	E4	ORF1 protein	[33436:33820](-)	-1
AINWZDOG001_S37	GU191019.1	33743	G	A	225.417	31	60	SNV	CDS	E4	ORF1 protein	[33436:33820](-)	-1
AINWZDOG001_S37	GU191019.1	33833	GAAAAAA	GAAAAA	175.416	15	58	INDEL	noncoding				
AINWZDOG001_S37	GU191019.1	33863	A	G	141.416	9	57	SNV	noncoding				
AINWZDOG001_S37	GU191019.1	33883	T	C	32.4168	2	60	SNV	noncoding				
AINWZDOG001_S37	GU191019.1	33903	A	T	5.75677	1	60	SNV	noncoding				
AINWZDOG001_S37	GU191019.1	33904	T	C	5.75677	1	60	SNV	noncoding				
AINWZDOG001_S37	GU191019.1	33918	A	G	5.75677	1	60	SNV	noncoding				
AINWZDOG001_S37	GU191019.1	33923	A	G	5.75677	1	60	SNV	noncoding				
